Tx,Ty,Tn,Ti,Nx,Ny,Ni,Nn,t_comp,t_dram,t_spad,t_pred,err%,use_spad
8,8,4,4,224,224,64,64,0.389921,22.695559,6.340619,9.225676,26.74,True
8,8,4,4,224,224,128,128,1.559684,90.782236,12.681238,18.446353,-44.01,True
8,8,4,4,224,224,256,256,6.238737,363.128945,25.362476,36.887706,-84.67,True
8,8,4,4,224,112,64,64,0.194961,11.347780,3.170310,4.615338,50.93,True
8,8,4,4,224,112,128,128,0.779842,45.391118,6.340619,9.225676,-31.72,True
8,8,4,4,224,112,256,256,3.119369,181.564473,12.681238,18.446353,-80.59,True
8,8,4,4,224,56,64,64,0.097480,5.673890,1.585155,2.310169,53.91,True
8,8,4,4,224,56,128,128,0.389921,22.695559,3.170310,4.615338,-19.09,True
8,8,4,4,224,56,256,256,1.559684,90.782236,6.340619,9.225676,-67.77,True
8,8,4,4,224,28,64,64,0.048740,2.836945,0.905803,1.821190,91.30,True
8,8,4,4,224,28,128,128,0.194961,11.347780,1.811605,2.909288,-8.31,True
8,8,4,4,224,28,256,256,0.779842,45.391118,3.623211,5.085485,-56.27,True
8,8,4,4,112,224,64,64,0.194961,11.347780,3.170310,4.615338,51.12,True
8,8,4,4,112,224,128,128,0.779842,45.391118,6.340619,9.225676,-31.60,True
8,8,4,4,112,224,256,256,3.119369,181.564473,12.681238,18.446353,-80.51,True
8,8,4,4,112,112,64,64,0.097480,5.673890,1.585155,2.310169,54.53,True
8,8,4,4,112,112,128,128,0.389921,22.695559,3.170310,4.615338,-18.89,True
8,8,4,4,112,112,256,256,1.559684,90.782236,6.340619,9.225676,-67.72,True
8,8,4,4,112,56,64,64,0.048740,2.836945,0.792577,1.157585,27.63,True
8,8,4,4,112,56,128,128,0.194961,11.347780,1.585155,2.310169,-22.45,True
8,8,4,4,112,56,256,256,0.779842,45.391118,3.170310,4.615338,-58.30,True
8,8,4,4,112,28,64,64,0.024370,1.418472,0.452901,0.637905,32.90,True
8,8,4,4,112,28,128,128,0.097480,5.673890,0.905803,1.821190,-0.97,True
8,8,4,4,112,28,256,256,0.389921,22.695559,1.811605,2.909288,-55.81,True
8,8,4,4,56,224,64,64,0.097480,5.673890,1.585155,2.310169,54.32,True
8,8,4,4,56,224,128,128,0.389921,22.695559,3.170310,4.615338,-19.14,True
8,8,4,4,56,224,256,256,1.559684,90.782236,6.340619,9.225676,-68.10,True
8,8,4,4,56,112,64,64,0.048740,2.836945,0.792577,1.157585,28.05,True
8,8,4,4,56,112,128,128,0.194961,11.347780,1.585155,2.310169,-21.95,True
8,8,4,4,56,112,256,256,0.779842,45.391118,3.170310,4.615338,-58.32,True
8,8,4,4,56,56,64,64,0.024370,1.418472,0.396289,0.581292,30.63,True
8,8,4,4,56,56,128,128,0.097480,5.673890,0.792577,1.157585,-33.81,True
8,8,4,4,56,56,256,256,0.389921,22.695559,1.585155,2.310169,-62.31,True
8,8,4,4,56,28,64,64,0.012185,0.709236,0.226451,0.321452,-12.17,True
8,8,4,4,56,28,128,128,0.048740,2.836945,0.452901,0.637905,-28.08,True
8,8,4,4,56,28,256,256,0.194961,11.347780,0.905803,1.821190,-53.52,True
8,8,4,4,28,224,64,64,0.048740,2.836945,0.905803,1.821190,87.37,True
8,8,4,4,28,224,128,128,0.194961,11.347780,1.811605,2.909288,-9.98,True
8,8,4,4,28,224,256,256,0.779842,45.391118,3.623211,5.085485,-55.22,True
8,8,4,4,28,112,64,64,0.024370,1.418472,0.452901,0.637905,32.90,True
8,8,4,4,28,112,128,128,0.097480,5.673890,0.905803,1.821190,-4.10,True
8,8,4,4,28,112,256,256,0.389921,22.695559,1.811605,2.909288,-55.88,True
8,8,4,4,28,56,64,64,0.012185,0.709236,0.226451,0.321452,-12.65,True
8,8,4,4,28,56,128,128,0.048740,2.836945,0.452901,0.637905,-27.76,True
8,8,4,4,28,56,256,256,0.194961,11.347780,0.905803,1.821190,-58.24,True
8,8,4,4,28,28,64,64,0.006093,0.354618,0.129400,0.179401,-41.94,True
8,8,4,4,28,28,128,128,0.024370,1.418472,0.258801,0.353803,-46.72,True
8,8,4,4,28,28,256,256,0.097480,5.673890,0.517602,0.702605,-61.63,True
8,8,4,8,224,224,64,64,1.134316,22.695559,6.471619,20.079802,203.09,True
8,8,4,8,224,224,128,128,4.537263,90.782236,12.943238,39.095562,49.65,True
8,8,4,8,224,224,256,256,18.149053,363.128945,25.886476,78.186123,-38.92,True
8,8,4,8,224,112,64,64,0.567158,11.347780,3.235810,10.571922,240.48,True
8,8,4,8,224,112,128,128,2.268632,45.391118,6.471619,20.079802,68.54,True
8,8,4,8,224,112,256,256,9.074527,181.564473,12.943238,39.095562,-30.47,True
8,8,4,8,224,56,64,64,0.283579,5.673890,1.617905,5.288461,219.16,True
8,8,4,8,224,56,128,128,1.134316,22.695559,3.235810,10.571922,70.40,True
8,8,4,8,224,56,256,256,4.537263,90.782236,6.471619,20.079802,-17.12,True
8,8,4,8,224,28,64,64,0.141789,2.836945,0.924517,3.705772,275.84,True
8,8,4,8,224,28,128,128,0.567158,11.347780,1.849034,6.347503,72.30,True
8,8,4,8,224,28,256,256,2.268632,45.391118,3.698068,11.630964,-11.63,True
8,8,4,8,112,224,64,64,0.567158,11.347780,3.235810,10.571922,240.59,True
8,8,4,8,112,224,128,128,2.268632,45.391118,6.471619,20.079802,68.33,True
8,8,4,8,112,224,256,256,9.074527,181.564473,12.943238,39.095562,-30.27,True
8,8,4,8,112,112,64,64,0.283579,5.673890,1.617905,5.288461,220.12,True
8,8,4,8,112,112,128,128,1.134316,22.695559,3.235810,10.571922,70.68,True
8,8,4,8,112,112,256,256,4.537263,90.782236,6.471619,20.079802,-17.10,True
8,8,4,8,112,56,64,64,0.141789,2.836945,0.808952,2.646730,190.85,True
8,8,4,8,112,56,128,128,0.567158,11.347780,1.617905,5.288461,55.41,True
8,8,4,8,112,56,256,256,2.268632,45.391118,3.235810,10.571922,-12.20,True
8,8,4,8,112,28,64,64,0.070895,1.418472,0.462259,2.384907,363.99,True
8,8,4,8,112,28,128,128,0.283579,5.673890,0.924517,3.705772,83.73,True
8,8,4,8,112,28,256,256,1.134316,22.695559,1.849034,6.347503,-11.64,True
8,8,4,8,56,224,64,64,0.283579,5.673890,1.617905,5.288461,220.51,True
8,8,4,8,56,224,128,128,1.134316,22.695559,3.235810,10.571922,70.60,True
8,8,4,8,56,224,256,256,4.537263,90.782236,6.471619,20.079802,-17.29,True
8,8,4,8,56,112,64,64,0.141789,2.836945,0.808952,2.646730,189.89,True
8,8,4,8,56,112,128,128,0.567158,11.347780,1.617905,5.288461,57.21,True
8,8,4,8,56,112,256,256,2.268632,45.391118,3.235810,10.571922,-12.50,True
8,8,4,8,56,56,64,64,0.070895,1.418472,0.404476,1.210333,168.96,True
8,8,4,8,56,56,128,128,0.283579,5.673890,0.808952,2.646730,42.14,True
8,8,4,8,56,56,256,256,1.134316,22.695559,1.617905,5.288461,-18.27,True
8,8,4,8,56,28,64,64,0.035447,0.709236,0.231129,0.675060,102.72,True
8,8,4,8,56,28,128,128,0.141789,2.836945,0.462259,2.384907,152.37,True
8,8,4,8,56,28,256,256,0.567158,11.347780,0.924517,3.705772,-6.54,True
8,8,4,8,28,224,64,64,0.141789,2.836945,0.924517,3.705772,268.37,True
8,8,4,8,28,224,128,128,0.567158,11.347780,1.849034,6.347503,66.78,True
8,8,4,8,28,224,256,256,2.268632,45.391118,3.698068,11.630964,-11.54,True
8,8,4,8,28,112,64,64,0.070895,1.418472,0.462259,2.384907,363.99,True
8,8,4,8,28,112,128,128,0.283579,5.673890,0.924517,3.705772,69.76,True
8,8,4,8,28,112,256,256,1.134316,22.695559,1.849034,6.347503,-14.82,True
8,8,4,8,28,56,64,64,0.035447,0.709236,0.231129,0.675060,103.95,True
8,8,4,8,28,56,128,128,0.141789,2.836945,0.462259,2.384907,150.78,True
8,8,4,8,28,56,256,256,0.567158,11.347780,0.924517,3.705772,-14.28,True
8,8,4,8,28,28,64,64,0.017724,0.354618,0.132074,0.378541,24.52,True
8,8,4,8,28,28,128,128,0.070895,1.418472,0.264148,0.752081,17.33,True
8,8,4,8,28,28,256,256,0.283579,5.673890,0.528295,2.384907,19.01,True
8,8,4,16,224,224,64,64,5.490089,22.695559,7.150324,76.999860,597.53,True
8,8,4,16,224,224,128,128,21.960355,90.782236,14.300648,151.876637,287.24,True
8,8,4,16,224,224,256,256,87.841418,363.128945,28.601296,303.748275,95.79,True
8,8,4,16,224,112,64,64,2.745044,11.347780,3.575162,38.502430,661.82,True
8,8,4,16,224,112,128,128,10.980177,45.391118,7.150324,76.999860,289.93,True
8,8,4,16,224,112,256,256,43.920709,181.564473,14.300648,151.876637,94.84,True
8,8,4,16,224,56,64,64,1.372522,5.673890,1.787581,19.253715,628.20,True
8,8,4,16,224,56,128,128,5.490089,22.695559,3.575162,38.502430,282.61,True
8,8,4,16,224,56,256,256,21.960355,90.782236,7.150324,76.999860,95.74,True
8,8,4,16,224,28,64,64,0.686261,2.836945,1.021475,11.747441,652.08,True
8,8,4,16,224,28,128,128,2.745044,11.347780,2.042950,21.371799,260.10,True
8,8,4,16,224,28,256,256,10.980177,45.391118,4.085899,42.738598,89.28,True
8,8,4,16,112,224,64,64,2.745044,11.347780,3.575162,38.502430,656.14,True
8,8,4,16,112,224,128,128,10.980177,45.391118,7.150324,76.999860,289.93,True
8,8,4,16,112,224,256,256,43.920709,181.564473,14.300648,151.876637,94.84,True
8,8,4,16,112,112,64,64,1.372522,5.673890,1.787581,19.253715,631.80,True
8,8,4,16,112,112,128,128,5.490089,22.695559,3.575162,38.502430,282.54,True
8,8,4,16,112,112,256,256,21.960355,90.782236,7.150324,76.999860,95.55,True
8,8,4,16,112,56,64,64,0.686261,2.836945,0.893791,9.629358,603.39,True
8,8,4,16,112,56,128,128,2.745044,11.347780,1.787581,19.253715,271.62,True
8,8,4,16,112,56,256,256,10.980177,45.391118,3.575162,38.502430,92.89,True
8,8,4,16,112,28,64,64,0.343131,1.418472,0.510737,6.935262,752.00,True
8,8,4,16,112,28,128,128,1.372522,5.673890,1.021475,11.747441,267.22,True
8,8,4,16,112,28,256,256,5.490089,22.695559,2.042950,21.371799,81.15,True
8,8,4,16,56,224,64,64,1.372522,5.673890,1.787581,19.253715,634.59,True
8,8,4,16,56,224,128,128,5.490089,22.695559,3.575162,38.502430,283.68,True
8,8,4,16,56,224,256,256,21.960355,90.782236,7.150324,76.999860,95.82,True
8,8,4,16,56,112,64,64,0.686261,2.836945,0.893791,9.629358,596.77,True
8,8,4,16,56,112,128,128,2.745044,11.347780,1.787581,19.253715,270.41,True
8,8,4,16,56,112,256,256,10.980177,45.391118,3.575162,38.502430,92.23,True
8,8,4,16,56,56,64,64,0.343131,1.418472,0.446895,4.817179,588.17,True
8,8,4,16,56,56,128,128,1.372522,5.673890,0.893791,9.629358,256.25,True
8,8,4,16,56,56,256,256,5.490089,22.695559,1.787581,19.253715,89.02,True
8,8,4,16,56,28,64,64,0.171565,0.709236,0.255369,4.529173,880.34,True
8,8,4,16,56,28,128,128,0.686261,2.836945,0.510737,6.935262,346.00,True
8,8,4,16,56,28,256,256,2.745044,11.347780,1.021475,11.747441,86.85,True
8,8,4,16,28,224,64,64,0.686261,2.836945,1.021475,11.747441,647.77,True
8,8,4,16,28,224,128,128,2.745044,11.347780,2.042950,21.371799,261.80,True
8,8,4,16,28,224,256,256,10.980177,45.391118,4.085899,42.738598,89.08,True
8,8,4,16,28,112,64,64,0.343131,1.418472,0.510737,6.935262,748.87,True
8,8,4,16,28,112,128,128,1.372522,5.673890,1.021475,11.747441,271.75,True
8,8,4,16,28,112,256,256,5.490089,22.695559,2.042950,21.371799,81.02,True
8,8,4,16,28,56,64,64,0.171565,0.709236,0.255369,4.529173,874.02,True
8,8,4,16,28,56,128,128,0.686261,2.836945,0.510737,6.935262,347.44,True
8,8,4,16,28,56,256,256,2.745044,11.347780,1.021475,11.747441,85.91,True
8,8,4,16,28,28,64,64,0.085783,0.354618,0.145925,1.504576,287.78,True
8,8,4,16,28,28,128,128,0.343131,1.418472,0.291850,4.529173,370.32,True
8,8,4,16,28,28,256,256,1.372522,5.673890,0.583700,6.935262,109.78,True
8,8,8,4,224,224,64,64,0.504604,22.695559,3.179391,6.442776,-16.31,True
8,8,8,4,224,224,128,128,2.018415,90.782236,6.358783,12.880552,-61.95,True
8,8,8,4,224,224,256,256,8.073660,363.128945,12.717566,25.044560,-89.92,True
8,8,8,4,224,112,64,64,0.252302,11.347780,1.589696,3.579660,6.54,True
8,8,8,4,224,112,128,128,1.009207,45.391118,3.179391,6.442776,-54.14,True
8,8,8,4,224,112,256,256,4.036830,181.564473,6.358783,12.880552,-86.55,True
8,8,8,4,224,56,64,64,0.126151,5.673890,0.794848,2.148102,23.45,True
8,8,8,4,224,56,128,128,0.504604,22.695559,1.589696,3.579660,-42.23,True
8,8,8,4,224,56,256,256,2.018415,90.782236,3.179391,6.442776,-78.26,True
8,8,8,4,224,28,64,64,0.063075,2.836945,0.454199,0.833789,-6.63,True
8,8,8,4,224,28,128,128,0.252302,11.347780,0.908398,2.148102,-43.78,True
8,8,8,4,224,28,256,256,1.009207,45.391118,1.816795,3.579660,-73.10,True
8,8,8,4,112,224,64,64,0.252302,11.347780,1.589696,3.579660,5.16,True
8,8,8,4,112,224,128,128,1.009207,45.391118,3.179391,6.442776,-53.98,True
8,8,8,4,112,224,256,256,4.036830,181.564473,6.358783,12.880552,-86.56,True
8,8,8,4,112,112,64,64,0.126151,5.673890,0.794848,2.148102,22.68,True
8,8,8,4,112,112,128,128,0.504604,22.695559,1.589696,3.579660,-42.14,True
8,8,8,4,112,112,256,256,2.018415,90.782236,3.179391,6.442776,-77.97,True
8,8,8,4,112,56,64,64,0.063075,2.836945,0.397424,0.775191,-6.15,True
8,8,8,4,112,56,128,128,0.252302,11.347780,0.794848,2.148102,-41.79,True
8,8,8,4,112,56,256,256,1.009207,45.391118,1.589696,3.579660,-70.61,True
8,8,8,4,112,28,64,64,0.031538,1.418472,0.227099,0.419394,-38.41,True
8,8,8,4,112,28,128,128,0.126151,5.673890,0.454199,0.833789,-51.38,True
8,8,8,4,112,28,256,256,0.504604,22.695559,0.908398,2.148102,-71.96,True
8,8,8,4,56,224,64,64,0.126151,5.673890,0.794848,2.148102,22.47,True
8,8,8,4,56,224,128,128,0.504604,22.695559,1.589696,3.579660,-42.50,True
8,8,8,4,56,224,256,256,2.018415,90.782236,3.179391,6.442776,-78.15,True
8,8,8,4,56,112,64,64,0.063075,2.836945,0.397424,0.775191,-5.58,True
8,8,8,4,56,112,128,128,0.252302,11.347780,0.794848,2.148102,-42.30,True
8,8,8,4,56,112,256,256,1.009207,45.391118,1.589696,3.579660,-70.79,True
8,8,8,4,56,56,64,64,0.031538,1.418472,0.198712,0.390096,-41.69,True
8,8,8,4,56,56,128,128,0.126151,5.673890,0.397424,0.775191,-51.03,True
8,8,8,4,56,56,256,256,0.504604,22.695559,0.794848,2.148102,-70.21,True
8,8,8,4,56,28,64,64,0.015769,0.709236,0.113550,0.212197,-64.57,True
8,8,8,4,56,28,128,128,0.063075,2.836945,0.227099,0.419394,-67.84,True
8,8,8,4,56,28,256,256,0.252302,11.347780,0.454199,0.833789,-75.30,True
8,8,8,4,28,224,64,64,0.063075,2.836945,0.454199,0.833789,-6.94,True
8,8,8,4,28,224,128,128,0.252302,11.347780,0.908398,2.148102,-51.05,True
8,8,8,4,28,224,256,256,1.009207,45.391118,1.816795,3.579660,-73.15,True
8,8,8,4,28,112,64,64,0.031538,1.418472,0.227099,0.419394,-38.95,True
8,8,8,4,28,112,128,128,0.126151,5.673890,0.454199,0.833789,-51.61,True
8,8,8,4,28,112,256,256,0.504604,22.695559,0.908398,2.148102,-75.27,True
8,8,8,4,28,56,64,64,0.015769,0.709236,0.113550,0.212197,-64.52,True
8,8,8,4,28,56,128,128,0.063075,2.836945,0.227099,0.419394,-67.03,True
8,8,8,4,28,56,256,256,0.252302,11.347780,0.454199,0.833789,-75.16,True
8,8,8,4,28,28,64,64,0.007884,0.354618,0.064886,0.116970,-79.11,True
8,8,8,4,28,28,128,128,0.031538,1.418472,0.129771,0.228939,-79.69,True
8,8,8,4,28,28,256,256,0.126151,5.673890,0.259542,0.452879,-81.79,True
8,8,8,8,224,224,64,64,2.144566,22.695559,3.309566,19.158879,173.97,True
8,8,8,8,224,224,128,128,8.578263,90.782236,6.619132,38.312758,46.20,True
8,8,8,8,224,224,256,256,34.313054,363.128945,13.238263,76.620516,-41.97,True
8,8,8,8,224,112,64,64,1.072283,11.347780,1.654783,9.581940,174.08,True
8,8,8,8,224,112,128,128,4.289132,45.391118,3.309566,19.158879,53.58,True
8,8,8,8,224,112,256,256,17.156527,181.564473,6.619132,38.312758,-32.86,True
8,8,8,8,224,56,64,64,0.536141,5.673890,0.827391,5.463158,177.32,True
8,8,8,8,224,56,128,128,2.144566,22.695559,1.654783,9.581940,43.46,True
8,8,8,8,224,56,256,256,8.578263,90.782236,3.309566,19.158879,-24.86,True
8,8,8,8,224,28,64,64,0.268071,2.836945,0.472795,3.403767,257.16,True
8,8,8,8,224,28,128,128,1.072283,11.347780,0.945590,5.463158,38.45,True
8,8,8,8,224,28,256,256,4.289132,45.391118,1.891180,10.921316,-22.74,True
8,8,8,8,112,224,64,64,1.072283,11.347780,1.654783,9.581940,174.95,True
8,8,8,8,112,224,128,128,4.289132,45.391118,3.309566,19.158879,53.82,True
8,8,8,8,112,224,256,256,17.156527,181.564473,6.619132,38.312758,-32.60,True
8,8,8,8,112,112,64,64,0.536141,5.673890,0.827391,5.463158,179.16,True
8,8,8,8,112,112,128,128,2.144566,22.695559,1.654783,9.581940,43.55,True
8,8,8,8,112,112,256,256,8.578263,90.782236,3.309566,19.158879,-24.46,True
8,8,8,8,112,56,64,64,0.268071,2.836945,0.413696,3.403767,314.08,True
8,8,8,8,112,56,128,128,1.072283,11.347780,0.827391,5.463158,53.63,True
8,8,8,8,112,56,256,256,4.289132,45.391118,1.654783,9.581940,-26.22,True
8,8,8,8,112,28,64,64,0.134035,1.418472,0.236398,1.302571,116.37,True
8,8,8,8,112,28,128,128,0.536141,5.673890,0.472795,3.403767,86.51,True
8,8,8,8,112,28,256,256,2.144566,22.695559,0.945590,5.463158,-31.29,True
8,8,8,8,56,224,64,64,0.536141,5.673890,0.827391,5.463158,183.51,True
8,8,8,8,56,224,128,128,2.144566,22.695559,1.654783,9.581940,44.07,True
8,8,8,8,56,224,256,256,8.578263,90.782236,3.309566,19.158879,-24.73,True
8,8,8,8,56,112,64,64,0.268071,2.836945,0.413696,3.403767,313.08,True
8,8,8,8,56,112,128,128,1.072283,11.347780,0.827391,5.463158,50.79,True
8,8,8,8,56,112,256,256,4.289132,45.391118,1.654783,9.581940,-27.06,True
8,8,8,8,56,56,64,64,0.134035,1.418472,0.206848,1.185375,104.02,True
8,8,8,8,56,56,128,128,0.536141,5.673890,0.413696,3.403767,116.25,True
8,8,8,8,56,56,256,256,2.144566,22.695559,0.827391,5.463158,-23.74,True
8,8,8,8,56,28,64,64,0.067018,0.709236,0.118199,0.653785,28.95,True
8,8,8,8,56,28,128,128,0.268071,2.836945,0.236398,1.302571,15.17,True
8,8,8,8,56,28,256,256,1.072283,11.347780,0.472795,3.403767,-5.56,True
8,8,8,8,28,224,64,64,0.268071,2.836945,0.472795,3.403767,258.67,True
8,8,8,8,28,224,128,128,1.072283,11.347780,0.945590,5.463158,21.76,True
8,8,8,8,28,224,256,256,4.289132,45.391118,1.891180,10.921316,-27.49,True
8,8,8,8,28,112,64,64,0.134035,1.418472,0.236398,1.302571,114.95,True
8,8,8,8,28,112,128,128,0.536141,5.673890,0.472795,3.403767,85.90,True
8,8,8,8,28,112,256,256,2.144566,22.695559,0.945590,5.463158,-43.13,True
8,8,8,8,28,56,64,64,0.067018,0.709236,0.118199,0.653785,29.21,True
8,8,8,8,28,56,128,128,0.268071,2.836945,0.236398,1.302571,15.58,True
8,8,8,8,28,56,256,256,1.072283,11.347780,0.472795,3.403767,-5.11,True
8,8,8,8,28,28,64,64,0.033509,0.354618,0.067542,0.362877,-19.18,True
8,8,8,8,28,28,128,128,0.134035,1.418472,0.135084,0.720754,-33.08,True
8,8,8,8,28,28,256,256,0.536141,5.673890,0.270169,1.436508,-39.18,True
8,8,8,16,224,224,64,64,8.578263,22.695559,3.830263,65.100287,480.73,True
8,8,8,16,224,224,128,128,34.313054,90.782236,7.660527,130.195573,228.74,True
8,8,8,16,224,224,256,256,137.252216,363.128945,15.321054,257.707394,65.42,True
8,8,8,16,224,112,64,64,4.289132,11.347780,1.915132,32.552643,525.05,True
8,8,8,16,224,112,128,128,17.156527,45.391118,3.830263,65.100287,225.97,True
8,8,8,16,224,112,256,256,68.626108,181.564473,7.660527,130.195573,65.40,True
8,8,8,16,224,56,64,64,2.144566,5.673890,0.957566,16.278822,490.67,True
8,8,8,16,224,56,128,128,8.578263,22.695559,1.915132,32.552643,215.10,True
8,8,8,16,224,56,256,256,34.313054,90.782236,3.830263,65.100287,63.28,True
8,8,8,16,224,28,64,64,1.072283,2.836945,0.547180,9.481287,508.16,True
8,8,8,16,224,28,128,128,4.289132,11.347780,1.094361,18.957575,199.35,True
8,8,8,16,224,28,256,256,17.156527,45.391118,2.188722,37.910149,60.51,True
8,8,8,16,112,224,64,64,4.289132,11.347780,1.915132,32.552643,520.52,True
8,8,8,16,112,224,128,128,17.156527,45.391118,3.830263,65.100287,224.87,True
8,8,8,16,112,224,256,256,68.626108,181.564473,7.660527,130.195573,65.40,True
8,8,8,16,112,112,64,64,2.144566,5.673890,0.957566,16.278822,499.81,True
8,8,8,16,112,112,128,128,8.578263,22.695559,1.915132,32.552643,215.83,True
8,8,8,16,112,112,256,256,34.313054,90.782236,3.830263,65.100287,63.28,True
8,8,8,16,112,56,64,64,1.072283,2.836945,0.478783,9.481287,614.49,True
8,8,8,16,112,56,128,128,4.289132,11.347780,0.957566,16.278822,198.26,True
8,8,8,16,112,56,256,256,17.156527,45.391118,1.915132,32.552643,58.58,True
8,8,8,16,112,28,64,64,0.536141,1.418472,0.273590,6.082520,610.57,True
8,8,8,16,112,28,128,128,2.144566,5.673890,0.547180,9.481287,211.68,True
8,8,8,16,112,28,256,256,8.578263,22.695559,1.094361,18.957575,50.74,True
8,8,8,16,56,224,64,64,2.144566,5.673890,0.957566,16.278822,498.27,True
8,8,8,16,56,224,128,128,8.578263,22.695559,1.915132,32.552643,217.09,True
8,8,8,16,56,224,256,256,34.313054,90.782236,3.830263,65.100287,62.73,True
8,8,8,16,56,112,64,64,1.072283,2.836945,0.478783,9.481287,614.49,True
8,8,8,16,56,112,128,128,4.289132,11.347780,0.957566,16.278822,198.75,True
8,8,8,16,56,112,256,256,17.156527,45.391118,1.915132,32.552643,59.49,True
8,8,8,16,56,56,64,64,0.536141,1.418472,0.239391,6.082520,699.28,True
8,8,8,16,56,56,128,128,2.144566,5.673890,0.478783,9.481287,269.21,True
8,8,8,16,56,56,256,256,8.578263,22.695559,0.957566,16.278822,51.63,True
8,8,8,16,56,28,64,64,0.268071,0.709236,0.136795,2.240134,286.23,True
8,8,8,16,56,28,128,128,1.072283,2.836945,0.273590,6.082520,274.31,True
8,8,8,16,56,28,256,256,4.289132,11.347780,0.547180,9.481287,57.71,True
8,8,8,16,28,224,64,64,1.072283,2.836945,0.547180,9.481287,510.12,True
8,8,8,16,28,224,128,128,4.289132,11.347780,1.094361,18.957575,201.44,True
8,8,8,16,28,224,256,256,17.156527,45.391118,2.188722,37.910149,60.53,True
8,8,8,16,28,112,64,64,0.536141,1.418472,0.273590,6.082520,606.45,True
8,8,8,16,28,112,128,128,2.144566,5.673890,0.547180,9.481287,211.68,True
8,8,8,16,28,112,256,256,8.578263,22.695559,1.094361,18.957575,48.94,True
8,8,8,16,28,56,64,64,0.268071,0.709236,0.136795,2.240134,291.63,True
8,8,8,16,28,56,128,128,1.072283,2.836945,0.273590,6.082520,274.31,True
8,8,8,16,28,56,256,256,4.289132,11.347780,0.547180,9.481287,58.02,True
8,8,8,16,28,28,64,64,0.134035,0.354618,0.078169,1.256505,141.17,True
8,8,8,16,28,28,128,128,0.536141,1.418472,0.156337,2.508009,83.60,True
8,8,8,16,28,28,256,256,2.144566,5.673890,0.312675,6.082520,66.92,True
8,8,16,4,224,224,64,64,0.953140,22.695559,1.609037,7.645168,-10.27,True
8,8,16,4,224,224,128,128,3.812562,90.782236,3.218074,14.335313,-59.80,True
8,8,16,4,224,224,256,256,15.250246,363.128945,6.436148,28.665626,-88.70,True
8,8,16,4,224,112,64,64,0.476570,11.347780,0.804518,3.825084,-2.62,True
8,8,16,4,224,112,128,128,1.906281,45.391118,1.609037,7.645168,-49.73,True
8,8,16,4,224,112,256,256,7.625123,181.564473,3.218074,14.335313,-85.56,True
8,8,16,4,224,56,64,64,0.238285,5.673890,0.402259,1.740871,8.20,True
8,8,16,4,224,56,128,128,0.953140,22.695559,0.804518,3.825084,-46.98,True
8,8,16,4,224,56,256,256,3.812562,90.782236,1.609037,7.645168,-75.83,True
8,8,16,4,224,28,64,64,0.119143,2.836945,0.229862,0.928354,-28.09,True
8,8,16,4,224,28,128,128,0.476570,11.347780,0.459725,1.851707,-45.57,True
8,8,16,4,224,28,256,256,1.906281,45.391118,0.919450,3.825084,-75.21,True
8,8,16,4,112,224,64,64,0.476570,11.347780,0.804518,3.825084,-3.72,True
8,8,16,4,112,224,128,128,1.906281,45.391118,1.609037,7.645168,-50.50,True
8,8,16,4,112,224,256,256,7.625123,181.564473,3.218074,14.335313,-85.60,True
8,8,16,4,112,112,64,64,0.238285,5.673890,0.402259,1.740871,8.26,True
8,8,16,4,112,112,128,128,0.953140,22.695559,0.804518,3.825084,-46.13,True
8,8,16,4,112,112,256,256,3.812562,90.782236,1.609037,7.645168,-75.39,True
8,8,16,4,112,56,64,64,0.119143,2.836945,0.201130,0.872936,-31.64,True
8,8,16,4,112,56,128,128,0.476570,11.347780,0.402259,1.740871,-44.01,True
8,8,16,4,112,56,256,256,1.906281,45.391118,0.804518,3.825084,-73.66,True
8,8,16,4,112,28,64,64,0.059571,1.418472,0.114931,0.466677,-59.98,True
8,8,16,4,112,28,128,128,0.238285,5.673890,0.229862,0.928354,-63.41,True
8,8,16,4,112,28,256,256,0.953140,22.695559,0.459725,1.851707,-72.37,True
8,8,16,4,56,224,64,64,0.238285,5.673890,0.402259,1.740871,8.80,True
8,8,16,4,56,224,128,128,0.953140,22.695559,0.804518,3.825084,-46.19,True
8,8,16,4,56,224,256,256,3.812562,90.782236,1.609037,7.645168,-75.92,True
8,8,16,4,56,112,64,64,0.119143,2.836945,0.201130,0.872936,-31.37,True
8,8,16,4,56,112,128,128,0.476570,11.347780,0.402259,1.740871,-43.92,True
8,8,16,4,56,112,256,256,1.906281,45.391118,0.804518,3.825084,-73.37,True
8,8,16,4,56,56,64,64,0.059571,1.418472,0.100565,0.438968,-62.03,True
8,8,16,4,56,56,128,128,0.238285,5.673890,0.201130,0.872936,-64.93,True
8,8,16,4,56,56,256,256,0.953140,22.695559,0.402259,1.740871,-71.62,True
8,8,16,4,56,28,64,64,0.029786,0.709236,0.057466,0.235838,-77.50,True
8,8,16,4,56,28,128,128,0.119143,2.836945,0.114931,0.466677,-79.56,True
8,8,16,4,56,28,256,256,0.476570,11.347780,0.229862,0.928354,-81.40,True
8,8,16,4,28,224,64,64,0.119143,2.836945,0.229862,0.928354,-28.64,True
8,8,16,4,28,224,128,128,0.476570,11.347780,0.459725,1.851707,-45.71,True
8,8,16,4,28,224,256,256,1.906281,45.391118,0.919450,3.825084,-78.13,True
8,8,16,4,28,112,64,64,0.059571,1.418472,0.114931,0.466677,-58.66,True
8,8,16,4,28,112,128,128,0.238285,5.673890,0.229862,0.928354,-64.27,True
8,8,16,4,28,112,256,256,0.953140,22.695559,0.459725,1.851707,-72.46,True
8,8,16,4,28,56,64,64,0.029786,0.709236,0.057466,0.235838,-76.97,True
8,8,16,4,28,56,128,128,0.119143,2.836945,0.114931,0.466677,-78.96,True
8,8,16,4,28,56,256,256,0.476570,11.347780,0.229862,0.928354,-81.06,True
8,8,16,4,28,28,64,64,0.014893,0.354618,0.032837,0.128336,-87.23,True
8,8,16,4,28,28,128,128,0.059571,1.418472,0.065675,0.251672,-88.10,True
8,8,16,4,28,28,256,256,0.238285,5.673890,0.131350,0.498344,-88.45,True
8,8,16,8,224,224,64,64,3.812562,22.695559,1.732148,20.985472,179.99,True
8,8,16,8,224,224,128,128,15.250246,90.782236,3.464295,41.965945,52.82,True
8,8,16,8,224,224,256,256,61.000985,363.128945,6.928590,82.026844,-39.15,True
8,8,16,8,224,112,64,64,1.906281,11.347780,0.866074,11.445259,199.69,True
8,8,16,8,224,112,128,128,7.625123,45.391118,1.732148,20.985472,57.70,True
8,8,16,8,224,112,256,256,30.500492,181.564473,3.464295,41.965945,-29.89,True
8,8,16,8,224,56,64,64,0.953140,5.673890,0.433037,5.725130,255.38,True
8,8,16,8,224,56,128,128,3.812562,22.695559,0.866074,11.445259,50.44,True
8,8,16,8,224,56,256,256,15.250246,90.782236,1.732148,20.985472,-21.57,True
8,8,16,8,224,28,64,64,0.476570,2.836945,0.247450,2.738395,138.74,True
8,8,16,8,224,28,128,128,1.906281,11.347780,0.494899,5.725130,58.94,True
8,8,16,8,224,28,256,256,7.625123,45.391118,0.989799,11.445259,-25.93,True
8,8,16,8,112,224,64,64,1.906281,11.347780,0.866074,11.445259,208.41,True
8,8,16,8,112,224,128,128,7.625123,45.391118,1.732148,20.985472,57.70,True
8,8,16,8,112,224,256,256,30.500492,181.564473,3.464295,41.965945,-29.45,True
8,8,16,8,112,112,64,64,0.953140,5.673890,0.433037,5.725130,255.38,True
8,8,16,8,112,112,128,128,3.812562,22.695559,0.866074,11.445259,53.42,True
8,8,16,8,112,112,256,256,15.250246,90.782236,1.732148,20.985472,-21.71,True
8,8,16,8,112,56,64,64,0.476570,2.836945,0.216518,2.516723,132.81,True
8,8,16,8,112,56,128,128,1.906281,11.347780,0.433037,5.725130,84.86,True
8,8,16,8,112,56,256,256,7.625123,45.391118,0.866074,11.445259,-26.08,True
8,8,16,8,112,28,64,64,0.238285,1.418472,0.123725,1.371698,42.74,True
8,8,16,8,112,28,128,128,0.953140,5.673890,0.247450,2.738395,24.76,True
8,8,16,8,112,28,256,256,3.812562,22.695559,0.494899,5.725130,-19.35,True
8,8,16,8,56,224,64,64,0.953140,5.673890,0.433037,5.725130,256.04,True
8,8,16,8,56,224,128,128,3.812562,22.695559,0.866074,11.445259,51.39,True
8,8,16,8,56,224,256,256,15.250246,90.782236,1.732148,20.985472,-21.41,True
8,8,16,8,56,112,64,64,0.476570,2.836945,0.216518,2.516723,132.60,True
8,8,16,8,56,112,128,128,1.906281,11.347780,0.433037,5.725130,85.40,True
8,8,16,8,56,112,256,256,7.625123,45.391118,0.866074,11.445259,-23.13,True
8,8,16,8,56,56,64,64,0.238285,1.418472,0.108259,1.260862,30.66,True
8,8,16,8,56,56,128,128,0.953140,5.673890,0.216518,2.516723,20.07,True
8,8,16,8,56,56,256,256,3.812562,22.695559,0.433037,5.725130,-6.07,True
8,8,16,8,56,28,64,64,0.119143,0.709236,0.061862,0.688349,-21.78,True
8,8,16,8,56,28,128,128,0.476570,2.836945,0.123725,1.371698,-26.61,True
8,8,16,8,56,28,256,256,1.906281,11.347780,0.247450,2.738395,-36.41,True
8,8,16,8,28,224,64,64,0.476570,2.836945,0.247450,2.738395,137.30,True
8,8,16,8,28,224,128,128,1.906281,11.347780,0.494899,5.725130,58.42,True
8,8,16,8,28,224,256,256,7.625123,45.391118,0.989799,11.445259,-44.56,True
8,8,16,8,28,112,64,64,0.238285,1.418472,0.123725,1.371698,42.44,True
8,8,16,8,28,112,128,128,0.953140,5.673890,0.247450,2.738395,25.73,True
8,8,16,8,28,112,256,256,3.812562,22.695559,0.494899,5.725130,-19.66,True
8,8,16,8,28,56,64,64,0.119143,0.709236,0.061862,0.688349,-20.97,True
8,8,16,8,28,56,128,128,0.476570,2.836945,0.123725,1.371698,-25.97,True
8,8,16,8,28,56,256,256,1.906281,11.347780,0.247450,2.738395,-35.75,True
8,8,16,8,28,28,64,64,0.059571,0.354618,0.035350,0.378342,-52.05,True
8,8,16,8,28,28,128,128,0.238285,1.418472,0.070700,0.751684,-56.82,True
8,8,16,8,28,28,256,256,0.953140,5.673890,0.141400,1.498367,-63.99,True
8,8,16,16,224,224,64,64,15.250246,22.695559,2.224590,68.566584,497.53,True
8,8,16,16,224,224,128,128,61.000985,90.782236,4.449181,133.328076,232.56,True
8,8,16,16,224,224,256,256,244.003939,363.128945,8.898361,262.851061,67.20,True
8,8,16,16,224,112,64,64,7.625123,11.347780,1.112295,34.285792,509.63,True
8,8,16,16,224,112,128,128,30.500492,45.391118,2.224590,68.566584,234.77,True
8,8,16,16,224,112,256,256,122.001970,181.564473,4.449181,133.328076,66.95,True
8,8,16,16,224,56,64,64,3.812562,5.673890,0.556148,19.045442,637.62,True
8,8,16,16,224,56,128,128,15.250246,22.695559,1.112295,34.285792,218.02,True
8,8,16,16,224,56,256,256,61.000985,90.782236,2.224590,68.566584,67.13,True
8,8,16,16,224,28,64,64,1.906281,2.836945,0.317799,9.525221,486.17,True
8,8,16,16,224,28,128,128,7.625123,11.347780,0.635597,19.045442,216.63,True
8,8,16,16,224,28,256,256,30.500492,45.391118,1.271194,38.085883,53.99,True
8,8,16,16,112,224,64,64,7.625123,11.347780,1.112295,34.285792,516.32,True
8,8,16,16,112,224,128,128,30.500492,45.391118,2.224590,68.566584,233.04,True
8,8,16,16,112,224,256,256,122.001970,181.564473,4.449181,133.328076,66.82,True
8,8,16,16,112,112,64,64,3.812562,5.673890,0.556148,19.045442,639.34,True
8,8,16,16,112,112,128,128,15.250246,22.695559,1.112295,34.285792,218.85,True
8,8,16,16,112,112,256,256,61.000985,90.782236,2.224590,68.566584,66.80,True
8,8,16,16,112,56,64,64,1.906281,2.836945,0.278074,9.525221,558.73,True
8,8,16,16,112,56,128,128,7.625123,11.347780,0.556148,19.045442,276.84,True
8,8,16,16,112,56,256,256,30.500492,45.391118,1.112295,34.285792,47.33,True
8,8,16,16,112,28,64,64,0.953140,1.418472,0.158899,4.511771,312.79,True
8,8,16,16,112,28,128,128,3.812562,5.673890,0.317799,9.525221,201.81,True
8,8,16,16,112,28,256,256,15.250246,22.695559,0.635597,19.045442,59.50,True
8,8,16,16,56,224,64,64,3.812562,5.673890,0.556148,19.045442,639.05,True
8,8,16,16,56,224,128,128,15.250246,22.695559,1.112295,34.285792,221.60,True
8,8,16,16,56,224,256,256,61.000985,90.782236,2.224590,68.566584,67.37,True
8,8,16,16,56,112,64,64,1.906281,2.836945,0.278074,9.525221,556.91,True
8,8,16,16,56,112,128,128,7.625123,11.347780,0.556148,19.045442,276.62,True
8,8,16,16,56,112,256,256,30.500492,45.391118,1.112295,34.285792,48.50,True
8,8,16,16,56,56,64,64,0.953140,1.418472,0.139037,4.068427,289.32,True
8,8,16,16,56,56,128,128,3.812562,5.673890,0.278074,9.525221,239.34,True
8,8,16,16,56,56,256,256,15.250246,22.695559,0.556148,19.045442,90.61,True
8,8,16,16,56,28,64,64,0.476570,0.709236,0.079450,2.258385,134.52,True
8,8,16,16,56,28,128,128,1.906281,2.836945,0.158899,4.511771,116.70,True
8,8,16,16,56,28,256,256,7.625123,11.347780,0.317799,9.525221,53.43,True
8,8,16,16,28,224,64,64,1.906281,2.836945,0.317799,9.525221,479.75,True
8,8,16,16,28,224,128,128,7.625123,11.347780,0.635597,19.045442,216.42,True
8,8,16,16,28,224,256,256,30.500492,45.391118,1.271194,38.085883,49.49,True
8,8,16,16,28,112,64,64,0.953140,1.418472,0.158899,4.511771,330.92,True
8,8,16,16,28,112,128,128,3.812562,5.673890,0.317799,9.525221,202.77,True
8,8,16,16,28,112,256,256,15.250246,22.695559,0.635597,19.045442,59.63,True
8,8,16,16,28,56,64,64,0.476570,0.709236,0.079450,2.258385,132.58,True
8,8,16,16,28,56,128,128,1.906281,2.836945,0.158899,4.511771,125.36,True
8,8,16,16,28,56,256,256,7.625123,11.347780,0.317799,9.525221,54.83,True
8,8,16,16,28,28,64,64,0.238285,0.354618,0.045400,1.258362,55.74,True
8,8,16,16,28,28,128,128,0.953140,1.418472,0.090800,2.511725,29.14,True
8,8,16,16,28,28,256,256,3.812562,5.673890,0.181599,8.565202,61.76,True
16,16,4,4,224,224,64,64,0.268071,22.695559,1.613410,6.389240,-7.79,True
16,16,4,4,224,224,128,128,1.072283,90.782236,3.226819,12.773480,-57.55,True
16,16,4,4,224,224,256,256,4.289132,363.128945,6.453639,25.541960,-87.68,True
16,16,4,4,224,112,64,64,0.134035,11.347780,0.806705,3.547538,32.08,True
16,16,4,4,224,112,128,128,0.536141,45.391118,1.613410,6.389240,-49.87,True
16,16,4,4,224,112,256,256,2.144566,181.564473,3.226819,12.773480,-84.25,True
16,16,4,4,224,56,64,64,0.067018,5.673890,0.460974,2.126687,44.57,True
16,16,4,4,224,56,128,128,0.268071,22.695559,0.921948,3.547538,-38.07,True
16,16,4,4,224,56,256,256,1.072283,90.782236,1.843897,7.090076,-77.13,True
16,16,4,4,224,28,64,64,0.033509,2.836945,0.230487,0.855593,-3.10,True
16,16,4,4,224,28,128,128,0.134035,11.347780,0.460974,2.126687,-25.54,True
16,16,4,4,224,28,256,256,0.536141,45.391118,0.921948,3.547538,-68.26,True
16,16,4,4,112,224,64,64,0.134035,11.347780,0.806705,3.547538,31.73,True
16,16,4,4,112,224,128,128,0.536141,45.391118,1.613410,6.389240,-49.58,True
16,16,4,4,112,224,256,256,2.144566,181.564473,3.226819,12.773480,-84.28,True
16,16,4,4,112,112,64,64,0.067018,5.673890,0.403352,2.126687,51.15,True
16,16,4,4,112,112,128,128,0.268071,22.695559,0.806705,3.547538,-26.14,True
16,16,4,4,112,112,256,256,1.072283,90.782236,1.613410,6.389240,-74.51,True
16,16,4,4,112,56,64,64,0.033509,2.836945,0.230487,0.855593,-6.08,True
16,16,4,4,112,56,128,128,0.134035,11.347780,0.460974,2.126687,-25.43,True
16,16,4,4,112,56,256,256,0.536141,45.391118,0.921948,3.547538,-68.27,True
16,16,4,4,112,28,64,64,0.016754,1.418472,0.115244,0.430296,-4.38,True
16,16,4,4,112,28,128,128,0.067018,5.673890,0.230487,0.855593,-51.30,True
16,16,4,4,112,28,256,256,0.268071,22.695559,0.460974,2.126687,-62.11,True
16,16,4,4,56,224,64,64,0.067018,5.673890,0.460974,2.126687,44.18,True
16,16,4,4,56,224,128,128,0.268071,22.695559,0.921948,3.547538,-37.59,True
16,16,4,4,56,224,256,256,1.072283,90.782236,1.843897,7.090076,-77.22,True
16,16,4,4,56,112,64,64,0.033509,2.836945,0.230487,0.855593,-12.43,True
16,16,4,4,56,112,128,128,0.134035,11.347780,0.460974,2.126687,-25.48,True
16,16,4,4,56,112,256,256,0.536141,45.391118,0.921948,3.547538,-68.15,True
16,16,4,4,56,56,64,64,0.016754,1.418472,0.131707,0.465338,-11.03,True
16,16,4,4,56,56,128,128,0.067018,5.673890,0.263414,0.925676,-50.81,True
16,16,4,4,56,56,256,256,0.268071,22.695559,0.526828,2.126687,-70.56,True
16,16,4,4,56,28,64,64,0.008377,0.709236,0.065853,0.235169,-38.11,True
16,16,4,4,56,28,128,128,0.033509,2.836945,0.131707,0.465338,-52.56,True
16,16,4,4,56,28,256,256,0.134035,11.347780,0.263414,0.925676,-75.08,True
16,16,4,4,28,224,64,64,0.033509,2.836945,0.230487,0.855593,-5.25,True
16,16,4,4,28,224,128,128,0.134035,11.347780,0.460974,2.126687,-25.67,True
16,16,4,4,28,224,256,256,0.536141,45.391118,0.921948,3.547538,-68.20,True
16,16,4,4,28,112,64,64,0.016754,1.418472,0.115244,0.430296,-6.25,True
16,16,4,4,28,112,128,128,0.067018,5.673890,0.230487,0.855593,-53.73,True
16,16,4,4,28,112,256,256,0.268071,22.695559,0.460974,2.126687,-62.31,True
16,16,4,4,28,56,64,64,0.008377,0.709236,0.065853,0.235169,-37.95,True
16,16,4,4,28,56,128,128,0.033509,2.836945,0.131707,0.465338,-52.37,True
16,16,4,4,28,56,256,256,0.134035,11.347780,0.263414,0.925676,-75.01,True
16,16,4,4,28,28,64,64,0.004189,0.354618,0.032927,0.120085,-63.61,True
16,16,4,4,28,28,128,128,0.016754,1.418472,0.065853,0.235169,-66.50,True
16,16,4,4,28,28,256,256,0.067018,5.673890,0.131707,0.465338,-75.22,True
16,16,4,8,224,224,64,64,0.536141,22.695559,1.658819,9.893422,43.84,True
16,16,4,8,224,224,128,128,2.144566,90.782236,3.317639,19.781845,-24.18,True
16,16,4,8,224,224,256,256,8.578263,363.128945,6.635277,39.558690,-65.95,True
16,16,4,8,224,112,64,64,0.268071,11.347780,0.829410,4.949211,58.99,True
16,16,4,8,224,112,128,128,1.072283,45.391118,1.658819,9.893422,-19.55,True
16,16,4,8,224,112,256,256,4.289132,181.564473,3.317639,19.781845,-63.99,True
16,16,4,8,224,56,64,64,0.134035,5.673890,0.473948,2.827524,54.51,True
16,16,4,8,224,56,128,128,0.536141,22.695559,0.947897,5.650048,-20.34,True
16,16,4,8,224,56,256,256,2.144566,90.782236,1.895794,11.295095,-60.91,True
16,16,4,8,224,28,64,64,0.067018,2.836945,0.236974,1.766680,54.84,True
16,16,4,8,224,28,128,128,0.268071,11.347780,0.473948,2.827524,-20.58,True
16,16,4,8,224,28,256,256,1.072283,45.391118,0.947897,5.650048,-59.39,True
16,16,4,8,112,224,64,64,0.268071,11.347780,0.829410,4.949211,58.93,True
16,16,4,8,112,224,128,128,1.072283,45.391118,1.658819,9.893422,-19.62,True
16,16,4,8,112,224,256,256,4.289132,181.564473,3.317639,19.781845,-63.83,True
16,16,4,8,112,112,64,64,0.134035,5.673890,0.414705,2.827524,55.87,True
16,16,4,8,112,112,128,128,0.536141,22.695559,0.829410,4.949211,-16.89,True
16,16,4,8,112,112,256,256,2.144566,90.782236,1.658819,9.893422,-60.83,True
16,16,4,8,112,56,64,64,0.067018,2.836945,0.236974,1.766680,50.61,True
16,16,4,8,112,56,128,128,0.268071,11.347780,0.473948,2.827524,-20.66,True
16,16,4,8,112,56,256,256,1.072283,45.391118,0.947897,5.650048,-59.55,True
16,16,4,8,112,28,64,64,0.033509,1.418472,0.118487,0.675589,27.23,True
16,16,4,8,112,28,128,128,0.134035,5.673890,0.236974,1.766680,-17.68,True
16,16,4,8,112,28,256,256,0.536141,22.695559,0.473948,2.827524,-59.64,True
16,16,4,8,56,224,64,64,0.134035,5.673890,0.473948,2.827524,54.34,True
16,16,4,8,56,224,128,128,0.536141,22.695559,0.947897,5.650048,-20.59,True
16,16,4,8,56,224,256,256,2.144566,90.782236,1.895794,11.295095,-61.18,True
16,16,4,8,56,112,64,64,0.067018,2.836945,0.236974,1.766680,47.35,True
16,16,4,8,56,112,128,128,0.268071,11.347780,0.473948,2.827524,-20.46,True
16,16,4,8,56,112,256,256,1.072283,45.391118,0.947897,5.650048,-59.59,True
16,16,4,8,56,56,64,64,0.033509,1.418472,0.135414,0.745673,14.72,True
16,16,4,8,56,56,128,128,0.134035,5.673890,0.270828,1.766680,-25.64,True
16,16,4,8,56,56,256,256,0.536141,22.695559,0.541655,3.528360,-60.07,True
16,16,4,8,56,28,64,64,0.016754,0.709236,0.067707,0.375336,-7.78,True
16,16,4,8,56,28,128,128,0.067018,2.836945,0.135414,0.745673,-39.57,True
16,16,4,8,56,28,256,256,0.268071,11.347780,0.270828,1.766680,-62.20,True
16,16,4,8,28,224,64,64,0.067018,2.836945,0.236974,1.766680,51.78,True
16,16,4,8,28,224,128,128,0.268071,11.347780,0.473948,2.827524,-20.75,True
16,16,4,8,28,224,256,256,1.072283,45.391118,0.947897,5.650048,-59.57,True
16,16,4,8,28,112,64,64,0.033509,1.418472,0.118487,0.675589,25.34,True
16,16,4,8,28,112,128,128,0.134035,5.673890,0.236974,1.766680,-21.55,True
16,16,4,8,28,112,256,256,0.536141,22.695559,0.473948,2.827524,-59.76,True
16,16,4,8,28,56,64,64,0.016754,0.709236,0.067707,0.375336,-7.32,True
16,16,4,8,28,56,128,128,0.067018,2.836945,0.135414,0.745673,-39.52,True
16,16,4,8,28,56,256,256,0.268071,11.347780,0.270828,1.766680,-62.13,True
16,16,4,8,28,28,64,64,0.008377,0.354618,0.033853,0.190168,-39.82,True
16,16,4,8,28,28,128,128,0.033509,1.418472,0.067707,0.375336,-49.55,True
16,16,4,8,28,28,256,256,0.134035,5.673890,0.135414,0.745673,-68.88,True
16,16,4,16,224,224,64,64,2.144566,22.695559,1.931277,33.798575,200.51,True
16,16,4,16,224,224,128,128,8.578263,90.782236,3.862555,67.592150,68.70,True
16,16,4,16,224,224,256,256,34.313054,363.128945,7.725110,133.777626,-15.27,True
16,16,4,16,224,112,64,64,1.072283,11.347780,0.965639,16.901787,230.18,True
16,16,4,16,224,112,128,128,4.289132,45.391118,1.931277,33.798575,68.77,True
16,16,4,16,224,112,256,256,17.156527,181.564473,3.862555,67.592150,-14.90,True
16,16,4,16,224,56,64,64,0.536141,5.673890,0.551794,9.855067,221.85,True
16,16,4,16,224,56,128,128,2.144566,22.695559,1.103587,19.705133,64.51,True
16,16,4,16,224,56,256,256,8.578263,90.782236,2.207174,38.003594,-16.93,True
16,16,4,16,224,28,64,64,0.268071,2.836945,0.275897,4.930033,159.07,True
16,16,4,16,224,28,128,128,1.072283,11.347780,0.551794,9.855067,63.79,True
16,16,4,16,224,28,256,256,4.289132,45.391118,1.103587,19.705133,-17.19,True
16,16,4,16,112,224,64,64,1.072283,11.347780,0.965639,16.901787,230.69,True
16,16,4,16,112,224,128,128,4.289132,45.391118,1.931277,33.798575,68.93,True
16,16,4,16,112,224,256,256,17.156527,181.564473,3.862555,67.592150,-14.96,True
16,16,4,16,112,112,64,64,0.536141,5.673890,0.482819,8.453394,177.07,True
16,16,4,16,112,112,128,128,2.144566,22.695559,0.965639,16.901787,67.88,True
16,16,4,16,112,112,256,256,8.578263,90.782236,1.931277,33.798575,-14.97,True
16,16,4,16,112,56,64,64,0.268071,2.836945,0.275897,4.930033,168.08,True
16,16,4,16,112,56,128,128,1.072283,11.347780,0.551794,9.855067,62.92,True
16,16,4,16,112,56,256,256,4.289132,45.391118,1.103587,19.705133,-17.09,True
16,16,4,16,112,28,64,64,0.134035,1.418472,0.137948,3.168353,272.75,True
16,16,4,16,112,28,128,128,0.536141,5.673890,0.275897,4.930033,29.77,True
16,16,4,16,112,28,256,256,2.144566,22.695559,0.551794,9.855067,-17.46,True
16,16,4,16,56,224,64,64,0.536141,5.673890,0.551794,9.855067,220.49,True
16,16,4,16,56,224,128,128,2.144566,22.695559,1.103587,19.705133,64.65,True
16,16,4,16,56,224,256,256,8.578263,90.782236,2.207174,38.003594,-17.36,True
16,16,4,16,56,112,64,64,0.268071,2.836945,0.275897,4.930033,148.49,True
16,16,4,16,56,112,128,128,1.072283,11.347780,0.551794,9.855067,63.06,True
16,16,4,16,56,112,256,256,4.289132,45.391118,1.103587,19.705133,-17.19,True
16,16,4,16,56,56,64,64,0.134035,1.418472,0.157655,3.168353,197.50,True
16,16,4,16,56,56,128,128,0.536141,5.673890,0.315311,6.331706,57.62,True
16,16,4,16,56,56,256,256,2.144566,22.695559,0.630621,11.256740,-23.48,True
16,16,4,16,56,28,64,64,0.067018,0.709236,0.078828,1.306342,118.82,True
16,16,4,16,56,28,128,128,0.268071,2.836945,0.157655,3.168353,53.51,True
16,16,4,16,56,28,256,256,1.072283,11.347780,0.315311,6.331706,-20.82,True
16,16,4,16,28,224,64,64,0.268071,2.836945,0.275897,4.930033,150.76,True
16,16,4,16,28,224,128,128,1.072283,11.347780,0.551794,9.855067,63.81,True
16,16,4,16,28,224,256,256,4.289132,45.391118,1.103587,19.705133,-17.18,True
16,16,4,16,28,112,64,64,0.134035,1.418472,0.137948,3.168353,272.31,True
16,16,4,16,28,112,128,128,0.536141,5.673890,0.275897,4.930033,23.65,True
16,16,4,16,28,112,256,256,2.144566,22.695559,0.551794,9.855067,-17.48,True
16,16,4,16,28,56,64,64,0.067018,0.709236,0.078828,1.306342,118.82,True
16,16,4,16,28,56,128,128,0.268071,2.836945,0.157655,3.168353,53.80,True
16,16,4,16,28,56,256,256,1.072283,11.347780,0.315311,6.331706,-20.47,True
16,16,4,16,28,28,64,64,0.033509,0.354618,0.039414,0.655671,66.84,True
16,16,4,16,28,28,128,128,0.134035,1.418472,0.078828,1.306342,16.02,True
16,16,4,16,28,28,256,256,0.536141,5.673890,0.157655,3.168353,-21.56,True
16,16,8,4,224,224,64,64,0.306367,22.695559,0.808975,4.908723,-29.14,True
16,16,8,4,224,224,128,128,1.225466,90.782236,1.617951,9.812446,-66.92,True
16,16,8,4,224,224,256,256,4.901865,363.128945,3.235901,19.619891,-90.62,True
16,16,8,4,224,112,64,64,0.153183,11.347780,0.404488,2.794139,-7.08,True
16,16,8,4,224,112,128,128,0.612733,45.391118,0.808975,4.908723,-61.20,True
16,16,8,4,224,112,256,256,2.450932,181.564473,1.617951,9.812446,-88.14,True
16,16,8,4,224,56,64,64,0.076592,5.673890,0.231136,1.264658,-33.61,True
16,16,8,4,224,56,128,128,0.306367,22.695559,0.462272,2.794139,-51.56,True
16,16,8,4,224,56,256,256,1.225466,90.782236,0.924543,5.583278,-81.52,True
16,16,8,4,224,28,64,64,0.038296,2.836945,0.115568,0.634829,-25.40,True
16,16,8,4,224,28,128,128,0.153183,11.347780,0.231136,1.264658,-65.89,True
16,16,8,4,224,28,256,256,0.612733,45.391118,0.462272,2.794139,-75.11,True
16,16,8,4,112,224,64,64,0.153183,11.347780,0.404488,2.794139,-6.89,True
16,16,8,4,112,224,128,128,0.612733,45.391118,0.808975,4.908723,-61.04,True
16,16,8,4,112,224,256,256,2.450932,181.564473,1.617951,9.812446,-88.14,True
16,16,8,4,112,112,64,64,0.076592,5.673890,0.202244,1.197203,-31.63,True
16,16,8,4,112,112,128,128,0.306367,22.695559,0.404488,2.794139,-50.86,True
16,16,8,4,112,112,256,256,1.225466,90.782236,0.808975,4.908723,-79.03,True
16,16,8,4,112,56,64,64,0.038296,2.836945,0.115568,0.634829,-25.23,True
16,16,8,4,112,56,128,128,0.153183,11.347780,0.231136,1.264658,-66.19,True
16,16,8,4,112,56,256,256,0.612733,45.391118,0.462272,2.794139,-75.35,True
16,16,8,4,112,28,64,64,0.019148,1.418472,0.057784,0.319915,-55.57,True
16,16,8,4,112,28,128,128,0.076592,5.673890,0.115568,0.634829,-60.91,True
16,16,8,4,112,28,256,256,0.306367,22.695559,0.231136,1.264658,-83.04,True
16,16,8,4,56,224,64,64,0.076592,5.673890,0.231136,1.264658,-34.34,True
16,16,8,4,56,224,128,128,0.306367,22.695559,0.462272,2.794139,-51.69,True
16,16,8,4,56,224,256,256,1.225466,90.782236,0.924543,5.583278,-81.66,True
16,16,8,4,56,112,64,64,0.038296,2.836945,0.115568,0.634829,-25.14,True
16,16,8,4,56,112,128,128,0.153183,11.347780,0.231136,1.264658,-66.24,True
16,16,8,4,56,112,256,256,0.612733,45.391118,0.462272,2.794139,-75.23,True
16,16,8,4,56,56,64,64,0.019148,1.418472,0.066039,0.339188,-51.89,True
16,16,8,4,56,56,128,128,0.076592,5.673890,0.132078,0.673375,-64.37,True
16,16,8,4,56,56,256,256,0.306367,22.695559,0.264155,1.341750,-81.76,True
16,16,8,4,56,28,64,64,0.009574,0.709236,0.033019,0.172094,-71.93,True
16,16,8,4,56,28,128,128,0.038296,2.836945,0.066039,0.339188,-74.89,True
16,16,8,4,56,28,256,256,0.153183,11.347780,0.132078,0.673375,-81.76,True
16,16,8,4,28,224,64,64,0.038296,2.836945,0.115568,0.634829,-25.14,True
16,16,8,4,28,224,128,128,0.153183,11.347780,0.231136,1.264658,-66.49,True
16,16,8,4,28,224,256,256,0.612733,45.391118,0.462272,2.794139,-75.10,True
16,16,8,4,28,112,64,64,0.019148,1.418472,0.057784,0.319915,-55.69,True
16,16,8,4,28,112,128,128,0.076592,5.673890,0.115568,0.634829,-61.12,True
16,16,8,4,28,112,256,256,0.306367,22.695559,0.231136,1.264658,-83.07,True
16,16,8,4,28,56,64,64,0.009574,0.709236,0.033019,0.172094,-71.22,True
16,16,8,4,28,56,128,128,0.038296,2.836945,0.066039,0.339188,-74.91,True
16,16,8,4,28,56,256,256,0.153183,11.347780,0.132078,0.673375,-81.80,True
16,16,8,4,28,28,64,64,0.004787,0.354618,0.016510,0.088547,-85.12,True
16,16,8,4,28,28,128,128,0.019148,1.418472,0.033019,0.172094,-85.20,True
16,16,8,4,28,28,256,256,0.076592,5.673890,0.066039,0.339188,-87.11,True
16,16,8,8,224,224,64,64,0.953140,22.695559,0.850601,9.241518,33.78,True
16,16,8,8,224,224,128,128,3.812562,90.782236,1.701202,18.478035,-26.68,True
16,16,8,8,224,224,256,256,15.250246,363.128945,3.402403,36.180150,-69.52,True
16,16,8,8,224,112,64,64,0.476570,11.347780,0.425300,5.008719,41.49,True
16,16,8,8,224,112,128,128,1.906281,45.391118,0.850601,9.241518,-25.38,True
16,16,8,8,224,112,256,256,7.625123,181.564473,1.701202,18.478035,-66.48,True
16,16,8,8,224,56,64,64,0.238285,5.673890,0.243029,2.506859,14.16,True
16,16,8,8,224,56,128,128,0.953140,22.695559,0.486058,5.008719,-30.19,True
16,16,8,8,224,56,256,256,3.812562,90.782236,0.972115,10.012438,-65.93,True
16,16,8,8,224,28,64,64,0.119143,2.836945,0.121514,1.204535,20.33,True
16,16,8,8,224,28,128,128,0.476570,11.347780,0.243029,2.506859,-42.14,True
16,16,8,8,224,28,256,256,1.906281,45.391118,0.486058,5.008719,-64.31,True
16,16,8,8,112,224,64,64,0.476570,11.347780,0.425300,5.008719,42.50,True
16,16,8,8,112,224,128,128,1.906281,45.391118,0.850601,9.241518,-25.28,True
16,16,8,8,112,224,256,256,7.625123,181.564473,1.701202,18.478035,-66.47,True
16,16,8,8,112,112,64,64,0.238285,5.673890,0.212650,2.506859,14.05,True
16,16,8,8,112,112,128,128,0.953140,22.695559,0.425300,5.008719,-29.49,True
16,16,8,8,112,112,256,256,3.812562,90.782236,0.850601,9.241518,-63.29,True
16,16,8,8,112,56,64,64,0.119143,2.836945,0.121514,1.204535,19.85,True
16,16,8,8,112,56,128,128,0.476570,11.347780,0.243029,2.506859,-45.37,True
16,16,8,8,112,56,256,256,1.906281,45.391118,0.486058,5.008719,-64.35,True
16,16,8,8,112,28,64,64,0.059571,1.418472,0.060757,0.604768,-20.95,True
16,16,8,8,112,28,128,128,0.238285,5.673890,0.121514,1.204535,-37.39,True
16,16,8,8,112,28,256,256,0.953140,22.695559,0.243029,2.506859,-71.70,True
16,16,8,8,56,224,64,64,0.238285,5.673890,0.243029,2.506859,4.71,True
16,16,8,8,56,224,128,128,0.953140,22.695559,0.486058,5.008719,-30.02,True
16,16,8,8,56,224,256,256,3.812562,90.782236,0.972115,10.012438,-66.17,True
16,16,8,8,56,112,64,64,0.119143,2.836945,0.121514,1.204535,20.09,True
16,16,8,8,56,112,128,128,0.476570,11.347780,0.243029,2.506859,-46.39,True
16,16,8,8,56,112,256,256,1.906281,45.391118,0.486058,5.008719,-64.37,True
16,16,8,8,56,56,64,64,0.059571,1.418472,0.069437,0.656162,-12.86,True
16,16,8,8,56,56,128,128,0.238285,5.673890,0.138874,2.026850,-15.58,True
16,16,8,8,56,56,256,256,0.953140,22.695559,0.277747,3.277780,-64.75,True
16,16,8,8,56,28,64,64,0.029786,0.709236,0.034718,0.330581,-42.51,True
16,16,8,8,56,28,128,128,0.119143,2.836945,0.069437,0.656162,-54.24,True
16,16,8,8,56,28,256,256,0.476570,11.347780,0.138874,2.026850,-56.99,True
16,16,8,8,28,224,64,64,0.119143,2.836945,0.121514,1.204535,19.97,True
16,16,8,8,28,224,128,128,0.476570,11.347780,0.243029,2.506859,-41.39,True
16,16,8,8,28,224,256,256,1.906281,45.391118,0.486058,5.008719,-64.24,True
16,16,8,8,28,112,64,64,0.059571,1.418472,0.060757,0.604768,-20.84,True
16,16,8,8,28,112,128,128,0.238285,5.673890,0.121514,1.204535,-37.69,True
16,16,8,8,28,112,256,256,0.953140,22.695559,0.243029,2.506859,-73.00,True
16,16,8,8,28,56,64,64,0.029786,0.709236,0.034718,0.330581,-42.51,True
16,16,8,8,28,56,128,128,0.119143,2.836945,0.069437,0.656162,-54.18,True
16,16,8,8,28,56,256,256,0.476570,11.347780,0.138874,2.026850,-56.99,True
16,16,8,8,28,28,64,64,0.014893,0.354618,0.017359,0.167791,-70.82,True
16,16,8,8,28,28,128,128,0.059571,1.418472,0.034718,0.330581,-69.81,True
16,16,8,8,28,28,256,256,0.238285,5.673890,0.069437,0.656162,-76.58,True
16,16,8,16,224,224,64,64,8.578263,22.695559,1.183605,42.362036,276.55,True
16,16,8,16,224,224,128,128,34.313054,90.782236,2.367210,84.719071,111.64,True
16,16,8,16,224,224,256,256,137.252216,363.128945,4.734421,167.891302,5.69,True
16,16,8,16,224,112,64,64,4.289132,11.347780,0.591803,21.183518,256.62,True
16,16,8,16,224,112,128,128,17.156527,45.391118,1.183605,42.362036,111.25,True
16,16,8,16,224,112,256,256,68.626108,181.564473,2.367210,84.719071,6.46,True
16,16,8,16,224,56,64,64,2.144566,5.673890,0.338173,12.136099,236.93,True
16,16,8,16,224,56,128,128,8.578263,22.695559,0.676346,24.267198,102.41,True
16,16,8,16,224,56,256,256,34.313054,90.782236,1.352692,46.987557,-0.62,True
16,16,8,16,224,28,64,64,1.072283,2.836945,0.169086,6.070550,270.61,True
16,16,8,16,224,28,128,128,4.289132,11.347780,0.338173,12.136099,61.99,True
16,16,8,16,224,28,256,256,17.156527,45.391118,0.676346,24.267198,1.92,True
16,16,8,16,112,224,64,64,4.289132,11.347780,0.591803,21.183518,257.65,True
16,16,8,16,112,224,128,128,17.156527,45.391118,1.183605,42.362036,111.35,True
16,16,8,16,112,224,256,256,68.626108,181.564473,2.367210,84.719071,6.48,True
16,16,8,16,112,112,64,64,2.144566,5.673890,0.295901,10.594259,188.36,True
16,16,8,16,112,112,128,128,8.578263,22.695559,0.591803,21.183518,76.53,True
16,16,8,16,112,112,256,256,34.313054,90.782236,1.183605,42.362036,6.35,True
16,16,8,16,112,56,64,64,1.072283,2.836945,0.169086,6.070550,271.06,True
16,16,8,16,112,56,128,128,4.289132,11.347780,0.338173,12.136099,68.18,True
16,16,8,16,112,56,256,256,17.156527,45.391118,0.676346,24.267198,1.72,True
16,16,8,16,112,28,64,64,0.536141,1.418472,0.084543,3.808695,236.75,True
16,16,8,16,112,28,128,128,2.144566,5.673890,0.169086,6.070550,89.65,True
16,16,8,16,112,28,256,256,8.578263,22.695559,0.338173,12.136099,-21.84,True
16,16,8,16,56,224,64,64,2.144566,5.673890,0.338173,12.136099,201.22,True
16,16,8,16,56,224,128,128,8.578263,22.695559,0.676346,24.267198,101.91,True
16,16,8,16,56,224,256,256,34.313054,90.782236,1.352692,46.987557,-0.68,True
16,16,8,16,56,112,64,64,1.072283,2.836945,0.169086,6.070550,270.61,True
16,16,8,16,56,112,128,128,4.289132,11.347780,0.338173,12.136099,51.44,True
16,16,8,16,56,112,256,256,17.156527,45.391118,0.676346,24.267198,1.87,True
16,16,8,16,56,56,64,64,0.536141,1.418472,0.096621,3.808695,235.27,True
16,16,8,16,56,56,128,128,2.144566,5.673890,0.193242,7.612390,87.50,True
16,16,8,16,56,56,256,256,8.578263,22.695559,0.386483,13.677940,-14.01,True
16,16,8,16,56,28,64,64,0.268071,0.709236,0.048310,1.598479,117.18,True
16,16,8,16,56,28,128,128,1.072283,2.836945,0.096621,3.808695,73.83,True
16,16,8,16,56,28,256,256,4.289132,11.347780,0.193242,7.612390,-5.24,True
16,16,8,16,28,224,64,64,1.072283,2.836945,0.169086,6.070550,271.29,True
16,16,8,16,28,224,128,128,4.289132,11.347780,0.338173,12.136099,60.11,True
16,16,8,16,28,224,256,256,17.156527,45.391118,0.676346,24.267198,1.74,True
16,16,8,16,28,112,64,64,0.536141,1.418472,0.084543,3.808695,237.65,True
16,16,8,16,28,112,128,128,2.144566,5.673890,0.169086,6.070550,89.35,True
16,16,8,16,28,112,256,256,8.578263,22.695559,0.338173,12.136099,-23.62,True
16,16,8,16,28,56,64,64,0.268071,0.709236,0.048310,1.598479,119.27,True
16,16,8,16,28,56,128,128,1.072283,2.836945,0.096621,3.808695,73.83,True
16,16,8,16,28,56,256,256,4.289132,11.347780,0.193242,7.612390,-5.20,True
16,16,8,16,28,28,64,64,0.134035,0.354618,0.024155,0.801740,10.28,True
16,16,8,16,28,28,128,128,0.536141,1.418472,0.048310,1.598479,14.01,True
16,16,8,16,28,28,256,256,2.144566,5.673890,0.096621,3.808695,-11.55,True
16,16,16,4,224,224,64,64,0.357428,22.695559,0.406758,4.251689,-44.57,True
16,16,16,4,224,224,128,128,1.429711,90.782236,0.813516,8.498377,-71.55,True
16,16,16,4,224,224,256,256,5.718842,363.128945,1.627033,16.308439,-92.22,True
16,16,16,4,224,112,64,64,0.178714,11.347780,0.203379,2.003070,-45.00,True
16,16,16,4,224,112,128,128,0.714855,45.391118,0.406758,4.251689,-68.87,True
16,16,16,4,224,112,256,256,2.859421,181.564473,0.813516,8.498377,-89.78,True
16,16,16,4,224,56,64,64,0.089357,5.673890,0.116217,1.043895,-36.89,True
16,16,16,4,224,56,128,128,0.357428,22.695559,0.232433,2.082790,-72.11,True
16,16,16,4,224,56,256,256,1.429711,90.782236,0.464866,4.251689,-85.29,True
16,16,16,4,224,28,64,64,0.044678,2.836945,0.058108,0.524447,-62.08,True
16,16,16,4,224,28,128,128,0.178714,11.347780,0.116217,1.043895,-67.39,True
16,16,16,4,224,28,256,256,0.714855,45.391118,0.232433,2.082790,-86.08,True
16,16,16,4,112,224,64,64,0.178714,11.347780,0.203379,2.003070,-45.00,True
16,16,16,4,112,224,128,128,0.714855,45.391118,0.406758,4.251689,-68.59,True
16,16,16,4,112,224,256,256,2.859421,181.564473,0.813516,8.498377,-89.75,True
16,16,16,4,112,112,64,64,0.089357,5.673890,0.101690,1.004035,-40.13,True
16,16,16,4,112,112,128,128,0.357428,22.695559,0.203379,2.003070,-71.58,True
16,16,16,4,112,112,256,256,1.429711,90.782236,0.406758,4.251689,-82.33,True
16,16,16,4,112,56,64,64,0.044678,2.836945,0.058108,0.524447,-62.32,True
16,16,16,4,112,56,128,128,0.178714,11.347780,0.116217,1.043895,-67.47,True
16,16,16,4,112,56,256,256,0.714855,45.391118,0.232433,2.082790,-86.16,True
16,16,16,4,112,28,64,64,0.022339,1.418472,0.029054,0.264724,-77.58,True
16,16,16,4,112,28,128,128,0.089357,5.673890,0.058108,0.524447,-80.65,True
16,16,16,4,112,28,256,256,0.357428,22.695559,0.116217,1.043895,-83.50,True
16,16,16,4,56,224,64,64,0.089357,5.673890,0.116217,1.043895,-37.23,True
16,16,16,4,56,224,128,128,0.357428,22.695559,0.232433,2.082790,-72.39,True
16,16,16,4,56,224,256,256,1.429711,90.782236,0.464866,4.251689,-85.46,True
16,16,16,4,56,112,64,64,0.044678,2.836945,0.058108,0.524447,-62.11,True
16,16,16,4,56,112,128,128,0.178714,11.347780,0.116217,1.043895,-67.37,True
16,16,16,4,56,112,256,256,0.714855,45.391118,0.232433,2.082790,-86.04,True
16,16,16,4,56,56,64,64,0.022339,1.418472,0.033205,0.276112,-76.22,True
16,16,16,4,56,56,128,128,0.089357,5.673890,0.066409,0.547225,-79.25,True
16,16,16,4,56,56,256,256,0.357428,22.695559,0.132819,1.089449,-85.16,True
16,16,16,4,56,28,64,64,0.011170,0.709236,0.016602,0.140556,-87.92,True
16,16,16,4,56,28,128,128,0.044678,2.836945,0.033205,0.276112,-87.88,True
16,16,16,4,56,28,256,256,0.178714,11.347780,0.066409,0.547225,-89.47,True
16,16,16,4,28,224,64,64,0.044678,2.836945,0.058108,0.524447,-62.22,True
16,16,16,4,28,224,128,128,0.178714,11.347780,0.116217,1.043895,-67.43,True
16,16,16,4,28,224,256,256,0.714855,45.391118,0.232433,2.082790,-86.01,True
16,16,16,4,28,112,64,64,0.022339,1.418472,0.029054,0.264724,-76.80,True
16,16,16,4,28,112,128,128,0.089357,5.673890,0.058108,0.524447,-80.73,True
16,16,16,4,28,112,256,256,0.357428,22.695559,0.116217,1.043895,-83.55,True
16,16,16,4,28,56,64,64,0.011170,0.709236,0.016602,0.140556,-87.72,True
16,16,16,4,28,56,128,128,0.044678,2.836945,0.033205,0.276112,-87.83,True
16,16,16,4,28,56,256,256,0.178714,11.347780,0.066409,0.547225,-89.48,True
16,16,16,4,28,28,64,64,0.005585,0.354618,0.008301,0.072778,-93.60,True
16,16,16,4,28,28,128,128,0.022339,1.418472,0.016602,0.140556,-93.84,True
16,16,16,4,28,28,256,256,0.089357,5.673890,0.033205,0.276112,-93.71,True
16,16,16,8,224,224,64,64,0.953140,22.695559,0.431355,7.489426,-6.07,True
16,16,16,8,224,224,128,128,3.812562,90.782236,0.862710,14.062765,-44.82,True
16,16,16,8,224,224,256,256,15.250246,363.128945,1.725420,28.120530,-76.55,True
16,16,16,8,224,112,64,64,0.476570,11.347780,0.215678,3.747213,-4.94,True
16,16,16,8,224,112,128,128,1.906281,45.391118,0.431355,7.489426,-46.84,True
16,16,16,8,224,112,256,256,7.625123,181.564473,0.862710,14.062765,-74.59,True
16,16,16,8,224,56,64,64,0.238285,5.673890,0.123244,1.815367,-6.90,True
16,16,16,8,224,56,128,128,0.953140,22.695559,0.246489,3.747213,-56.89,True
16,16,16,8,224,56,256,256,3.812562,90.782236,0.492977,7.489426,-74.50,True
16,16,16,8,224,28,64,64,0.119143,2.836945,0.061622,0.910184,-38.21,True
16,16,16,8,224,28,128,128,0.476570,11.347780,0.123244,1.815367,-52.10,True
16,16,16,8,224,28,256,256,1.906281,45.391118,0.246489,3.747213,-79.09,True
16,16,16,8,112,224,64,64,0.476570,11.347780,0.215678,3.747213,-6.39,True
16,16,16,8,112,224,128,128,1.906281,45.391118,0.431355,7.489426,-46.23,True
16,16,16,8,112,224,256,256,7.625123,181.564473,0.862710,14.062765,-74.62,True
16,16,16,8,112,112,64,64,0.238285,5.673890,0.107839,1.709074,-12.80,True
16,16,16,8,112,112,128,128,0.953140,22.695559,0.215678,3.747213,-54.84,True
16,16,16,8,112,112,256,256,3.812562,90.782236,0.431355,7.489426,-73.36,True
16,16,16,8,112,56,64,64,0.119143,2.836945,0.061622,0.910184,-38.12,True
16,16,16,8,112,56,128,128,0.476570,11.347780,0.123244,1.815367,-52.10,True
16,16,16,8,112,56,256,256,1.906281,45.391118,0.246489,3.747213,-79.95,True
16,16,16,8,112,28,64,64,0.059571,1.418472,0.030811,0.457592,-58.32,True
16,16,16,8,112,28,128,128,0.238285,5.673890,0.061622,0.910184,-68.32,True
16,16,16,8,112,28,256,256,0.953140,22.695559,0.123244,1.815367,-75.75,True
16,16,16,8,56,224,64,64,0.238285,5.673890,0.123244,1.815367,-6.81,True
16,16,16,8,56,224,128,128,0.953140,22.695559,0.246489,3.747213,-60.13,True
16,16,16,8,56,224,256,256,3.812562,90.782236,0.492977,7.489426,-74.60,True
16,16,16,8,56,112,64,64,0.119143,2.836945,0.061622,0.910184,-38.17,True
16,16,16,8,56,112,128,128,0.476570,11.347780,0.123244,1.815367,-52.32,True
16,16,16,8,56,112,256,256,1.906281,45.391118,0.246489,3.747213,-79.86,True
16,16,16,8,56,56,64,64,0.059571,1.418472,0.035213,0.487961,-55.44,True
16,16,16,8,56,56,128,128,0.238285,5.673890,0.070425,0.970923,-65.41,True
16,16,16,8,56,56,256,256,0.953140,22.695559,0.140851,2.787194,-70.33,True
16,16,16,8,56,28,64,64,0.029786,0.709236,0.017606,0.246481,-77.45,True
16,16,16,8,56,28,128,128,0.119143,2.836945,0.035213,0.487961,-77.11,True
16,16,16,8,56,28,256,256,0.476570,11.347780,0.070425,0.970923,-82.46,True
16,16,16,8,28,224,64,64,0.119143,2.836945,0.061622,0.910184,-38.29,True
16,16,16,8,28,224,128,128,0.476570,11.347780,0.123244,1.815367,-52.16,True
16,16,16,8,28,224,256,256,1.906281,45.391118,0.246489,3.747213,-79.93,True
16,16,16,8,28,112,64,64,0.059571,1.418472,0.030811,0.457592,-58.25,True
16,16,16,8,28,112,128,128,0.238285,5.673890,0.061622,0.910184,-68.41,True
16,16,16,8,28,112,256,256,0.953140,22.695559,0.123244,1.815367,-75.85,True
16,16,16,8,28,56,64,64,0.029786,0.709236,0.017606,0.246481,-77.47,True
16,16,16,8,28,56,128,128,0.119143,2.836945,0.035213,0.487961,-77.17,True
16,16,16,8,28,56,256,256,0.476570,11.347780,0.070425,0.970923,-82.45,True
16,16,16,8,28,28,64,64,0.014893,0.354618,0.008803,0.125740,-88.44,True
16,16,16,8,28,28,128,128,0.059571,1.418472,0.017606,0.246481,-88.48,True
16,16,16,8,28,28,256,256,0.238285,5.673890,0.035213,0.487961,-88.40,True
16,16,16,16,224,224,64,64,8.578263,22.695559,0.628130,29.746979,122.82,True
16,16,16,16,224,224,128,128,34.313054,90.782236,1.256261,59.488957,48.32,True
16,16,16,16,224,224,256,256,137.252216,363.128945,2.512521,137.257216,-13.68,True
16,16,16,16,224,112,64,64,4.289132,11.347780,0.314065,14.875989,116.91,True
16,16,16,16,224,112,128,128,17.156527,45.391118,0.628130,29.746979,7.48,True
16,16,16,16,224,112,256,256,68.626108,181.564473,1.256261,68.631108,-16.54,True
16,16,16,16,224,56,64,64,2.144566,5.673890,0.179466,8.351582,82.19,True
16,16,16,16,224,56,128,128,8.578263,22.695559,0.358932,16.698164,14.32,True
16,16,16,16,224,56,256,256,34.313054,90.782236,0.717863,34.318054,-28.04,True
16,16,16,16,224,28,64,64,1.072283,2.836945,0.089733,5.089379,49.47,True
16,16,16,16,224,28,128,128,4.289132,11.347780,0.179466,8.351582,31.92,True
16,16,16,16,224,28,256,256,17.156527,45.391118,0.358932,17.161527,-46.70,True
16,16,16,16,112,224,64,64,4.289132,11.347780,0.314065,14.875989,113.64,True
16,16,16,16,112,224,128,128,17.156527,45.391118,0.628130,29.746979,30.57,True
16,16,16,16,112,224,256,256,68.626108,181.564473,1.256261,68.631108,-23.80,True
16,16,16,16,112,112,64,64,2.144566,5.673890,0.157033,8.351582,162.79,True
16,16,16,16,112,112,128,128,8.578263,22.695559,0.314065,14.875989,-11.99,True
16,16,16,16,112,112,256,256,34.313054,90.782236,0.628130,34.318054,-39.34,True
16,16,16,16,112,56,64,64,1.072283,2.836945,0.089733,5.089379,131.13,True
16,16,16,16,112,56,128,128,4.289132,11.347780,0.179466,8.351582,17.74,True
16,16,16,16,112,56,256,256,17.156527,45.391118,0.358932,17.161527,-40.43,True
16,16,16,16,112,28,64,64,0.536141,1.418472,0.044866,2.000537,-27.36,True
16,16,16,16,112,28,128,128,2.144566,5.673890,0.089733,5.089379,17.92,True
16,16,16,16,112,28,256,256,8.578263,22.695559,0.179466,8.583263,-44.57,True
16,16,16,16,56,224,64,64,2.144566,5.673890,0.179466,8.351582,162.38,True
16,16,16,16,56,224,128,128,8.578263,22.695559,0.358932,16.698164,-11.65,True
16,16,16,16,56,224,256,256,34.313054,90.782236,0.717863,34.318054,-35.89,True
16,16,16,16,56,112,64,64,1.072283,2.836945,0.089733,5.089379,132.39,True
16,16,16,16,56,112,128,128,4.289132,11.347780,0.179466,8.351582,2.11,True
16,16,16,16,56,112,256,256,17.156527,45.391118,0.358932,17.161527,-45.83,True
16,16,16,16,56,56,64,64,0.536141,1.418472,0.051276,2.182754,56.02,True
16,16,16,16,56,56,128,128,2.144566,5.673890,0.102552,5.089379,17.92,True
16,16,16,16,56,56,256,256,8.578263,22.695559,0.205104,10.173757,-51.01,True
16,16,16,16,56,28,64,64,0.268071,0.709236,0.025638,1.093877,-21.59,True
16,16,16,16,56,28,128,128,1.072283,2.836945,0.051276,2.182754,-20.45,True
16,16,16,16,56,28,256,256,4.289132,11.347780,0.102552,5.089379,-40.29,True
16,16,16,16,28,224,64,64,1.072283,2.836945,0.089733,5.089379,111.53,True
16,16,16,16,28,224,128,128,4.289132,11.347780,0.179466,8.351582,15.21,True
16,16,16,16,28,224,256,256,17.156527,45.391118,0.358932,17.161527,-51.07,True
16,16,16,16,28,112,64,64,0.536141,1.418472,0.044866,2.000537,42.79,True
16,16,16,16,28,112,128,128,2.144566,5.673890,0.089733,5.089379,15.01,True
16,16,16,16,28,112,256,256,8.578263,22.695559,0.179466,8.583263,-31.37,True
16,16,16,16,28,56,64,64,0.268071,0.709236,0.025638,1.093877,-21.75,True
16,16,16,16,28,56,128,128,1.072283,2.836945,0.051276,2.182754,-20.28,True
16,16,16,16,28,56,256,256,4.289132,11.347780,0.102552,5.089379,-40.38,True
16,16,16,16,28,28,64,64,0.134035,0.354618,0.012819,0.549439,-61.84,True
16,16,16,16,28,28,128,128,0.536141,1.418472,0.025638,1.093877,-59.92,True
16,16,16,16,28,28,256,256,2.144566,5.673890,0.051276,2.182754,-59.79,True
32,32,4,4,224,224,64,64,0.268071,22.695559,0.429589,5.785742,-53.66,True
32,32,4,4,224,224,128,128,1.072283,90.782236,0.859178,11.566484,-79.48,True
32,32,4,4,224,224,256,256,4.289132,363.128945,1.718356,23.127967,-89.23,True
32,32,4,4,224,112,64,64,0.134035,11.347780,0.245479,3.185439,-13.72,True
32,32,4,4,224,112,128,128,0.536141,45.391118,0.490959,6.365879,-74.22,True
32,32,4,4,224,112,256,256,2.144566,181.564473,0.981918,12.726757,-85.40,True
32,32,4,4,224,56,64,64,0.067018,5.673890,0.122740,1.885288,3.36,True
32,32,4,4,224,56,128,128,0.268071,22.695559,0.245479,3.185439,-53.47,True
32,32,4,4,224,56,256,256,1.072283,90.782236,0.490959,6.365879,-84.41,True
32,32,4,4,224,28,64,64,0.033509,2.836945,0.061370,0.771103,-35.04,True
32,32,4,4,224,28,128,128,0.134035,11.347780,0.122740,1.885288,-61.57,True
32,32,4,4,224,28,256,256,0.536141,45.391118,0.245479,3.185439,-77.11,True
32,32,4,4,112,224,64,64,0.134035,11.347780,0.245479,3.185439,-11.05,True
32,32,4,4,112,224,128,128,0.536141,45.391118,0.490959,6.365879,-64.50,True
32,32,4,4,112,224,256,256,2.144566,181.564473,0.981918,12.726757,-84.77,True
32,32,4,4,112,112,64,64,0.067018,5.673890,0.140274,1.885288,-18.17,True
32,32,4,4,112,112,128,128,0.268071,22.695559,0.280548,3.765576,-54.17,True
32,32,4,4,112,112,256,256,1.072283,90.782236,0.561096,6.946016,-81.81,True
32,32,4,4,112,56,64,64,0.033509,2.836945,0.070137,0.829117,-43.25,True
32,32,4,4,112,56,128,128,0.134035,11.347780,0.140274,1.885288,-57.76,True
32,32,4,4,112,56,256,256,0.536141,45.391118,0.280548,3.765576,-82.31,True
32,32,4,4,112,28,64,64,0.016754,1.418472,0.035068,0.417058,-33.38,True
32,32,4,4,112,28,128,128,0.067018,5.673890,0.070137,0.829117,-64.05,True
32,32,4,4,112,28,256,256,0.268071,22.695559,0.140274,1.885288,-86.37,True
32,32,4,4,56,224,64,64,0.067018,5.673890,0.122740,1.885288,5.97,True
32,32,4,4,56,224,128,128,0.268071,22.695559,0.245479,3.185439,-56.44,True
32,32,4,4,56,224,256,256,1.072283,90.782236,0.490959,6.365879,-77.10,True
32,32,4,4,56,112,64,64,0.033509,2.836945,0.070137,0.829117,-29.85,True
32,32,4,4,56,112,128,128,0.134035,11.347780,0.140274,1.885288,-58.11,True
32,32,4,4,56,112,256,256,0.536141,45.391118,0.280548,3.765576,-79.66,True
32,32,4,4,56,56,64,64,0.016754,1.418472,0.035068,0.417058,-33.80,True
32,32,4,4,56,56,128,128,0.067018,5.673890,0.070137,0.829117,-70.55,True
32,32,4,4,56,56,256,256,0.268071,22.695559,0.140274,1.885288,-78.78,True
32,32,4,4,56,28,64,64,0.008377,0.709236,0.017534,0.211029,-65.96,True
32,32,4,4,56,28,128,128,0.033509,2.836945,0.035068,0.417058,-72.79,True
32,32,4,4,56,28,256,256,0.134035,11.347780,0.070137,0.829117,-81.69,True
32,32,4,4,28,224,64,64,0.033509,2.836945,0.061370,0.771103,-34.98,True
32,32,4,4,28,224,128,128,0.134035,11.347780,0.122740,1.885288,-46.01,True
32,32,4,4,28,224,256,256,0.536141,45.391118,0.245479,3.185439,-81.49,True
32,32,4,4,28,112,64,64,0.016754,1.418472,0.035068,0.417058,-32.84,True
32,32,4,4,28,112,128,128,0.067018,5.673890,0.070137,0.829117,-64.08,True
32,32,4,4,28,112,256,256,0.268071,22.695559,0.140274,1.885288,-84.01,True
32,32,4,4,28,56,64,64,0.008377,0.709236,0.017534,0.211029,-66.02,True
32,32,4,4,28,56,128,128,0.033509,2.836945,0.035068,0.417058,-71.78,True
32,32,4,4,28,56,256,256,0.134035,11.347780,0.070137,0.829117,-84.66,True
32,32,4,4,28,28,64,64,0.004189,0.354618,0.008767,0.108015,-82.72,True
32,32,4,4,28,28,128,128,0.016754,1.418472,0.017534,0.211029,-84.69,True
32,32,4,4,28,28,256,256,0.067018,5.673890,0.035068,0.417058,-81.94,True
32,32,4,8,224,224,64,64,0.536141,22.695559,0.467178,8.686426,2.48,True
32,32,4,8,224,224,128,128,2.144566,90.782236,0.934356,17.367852,-47.59,True
32,32,4,8,224,224,256,256,8.578263,363.128945,1.868713,34.730705,-80.37,True
32,32,4,8,224,112,64,64,0.268071,11.347780,0.266959,4.925850,-5.40,True
32,32,4,8,224,112,128,128,1.072283,45.391118,0.533918,9.846700,-44.51,True
32,32,4,8,224,112,256,256,4.289132,181.564473,1.067836,19.108263,-78.02,True
32,32,4,8,224,56,64,64,0.134035,5.673890,0.133479,2.465425,10.31,True
32,32,4,8,224,56,128,128,0.536141,22.695559,0.266959,4.925850,-43.48,True
32,32,4,8,224,56,256,256,2.144566,90.782236,0.533918,9.846700,-71.58,True
32,32,4,8,224,28,64,64,0.067018,2.836945,0.066740,1.525281,-52.70,True
32,32,4,8,224,28,128,128,0.268071,11.347780,0.133479,2.465425,-44.15,True
32,32,4,8,224,28,256,256,1.072283,45.391118,0.266959,4.925850,-78.79,True
32,32,4,8,112,224,64,64,0.268071,11.347780,0.266959,4.925850,10.79,True
32,32,4,8,112,224,128,128,1.072283,45.391118,0.533918,9.846700,-58.21,True
32,32,4,8,112,224,256,256,4.289132,181.564473,1.067836,19.108263,-76.87,True
32,32,4,8,112,112,64,64,0.134035,5.673890,0.152548,3.045562,-25.90,True
32,32,4,8,112,112,128,128,0.536141,22.695559,0.305096,5.505987,-45.37,True
32,32,4,8,112,112,256,256,2.144566,90.782236,0.610192,10.426837,-71.93,True
32,32,4,8,112,56,64,64,0.067018,2.836945,0.076274,1.525281,2.03,True
32,32,4,8,112,56,128,128,0.268071,11.347780,0.152548,3.045562,-46.64,True
32,32,4,8,112,56,256,256,1.072283,45.391118,0.305096,5.505987,-74.92,True
32,32,4,8,112,28,64,64,0.033509,1.418472,0.038137,0.649113,-16.67,True
32,32,4,8,112,28,128,128,0.134035,5.673890,0.076274,1.525281,-58.02,True
32,32,4,8,112,28,256,256,0.536141,22.695559,0.152548,3.045562,-73.62,True
32,32,4,8,56,224,64,64,0.134035,5.673890,0.133479,2.465425,10.36,True
32,32,4,8,56,224,128,128,0.536141,22.695559,0.266959,4.925850,-43.59,True
32,32,4,8,56,224,256,256,2.144566,90.782236,0.533918,9.846700,-71.54,True
32,32,4,8,56,112,64,64,0.067018,2.836945,0.076274,1.525281,1.96,True
32,32,4,8,56,112,128,128,0.268071,11.347780,0.152548,3.045562,-46.92,True
32,32,4,8,56,112,256,256,1.072283,45.391118,0.305096,5.505987,-72.41,True
32,32,4,8,56,56,64,64,0.033509,1.418472,0.038137,0.649113,-17.31,True
32,32,4,8,56,56,128,128,0.134035,5.673890,0.076274,1.525281,-47.69,True
32,32,4,8,56,56,256,256,0.536141,22.695559,0.152548,3.045562,-73.35,True
32,32,4,8,56,28,64,64,0.016754,0.709236,0.019068,0.327057,-58.02,True
32,32,4,8,56,28,128,128,0.067018,2.836945,0.038137,0.649113,-56.55,True
32,32,4,8,56,28,256,256,0.268071,11.347780,0.076274,1.525281,-73.53,True
32,32,4,8,28,224,64,64,0.067018,2.836945,0.066740,1.525281,1.41,True
32,32,4,8,28,224,128,128,0.268071,11.347780,0.133479,2.465425,-44.30,True
32,32,4,8,28,224,256,256,1.072283,45.391118,0.266959,4.925850,-71.81,True
32,32,4,8,28,112,64,64,0.033509,1.418472,0.038137,0.649113,-16.99,True
32,32,4,8,28,112,128,128,0.134035,5.673890,0.076274,1.525281,-47.78,True
32,32,4,8,28,112,256,256,0.536141,22.695559,0.152548,3.045562,-73.41,True
32,32,4,8,28,56,64,64,0.016754,0.709236,0.019068,0.327057,-57.80,True
32,32,4,8,28,56,128,128,0.067018,2.836945,0.038137,0.649113,-56.78,True
32,32,4,8,28,56,256,256,0.268071,11.347780,0.076274,1.525281,-73.59,True
32,32,4,8,28,28,64,64,0.008377,0.354618,0.009534,0.166028,-78.47,True
32,32,4,8,28,28,128,128,0.033509,1.418472,0.019068,0.327057,-78.02,True
32,32,4,8,28,28,256,256,0.134035,5.673890,0.038137,0.649113,-77.79,True
32,32,4,16,224,224,64,64,0.268071,22.695559,inf,22.700559,-60.29,False
32,32,4,16,224,224,128,128,1.072283,90.782236,inf,90.787236,-69.33,False
32,32,4,16,224,224,256,256,4.289132,363.128945,inf,363.133945,-83.05,False
32,32,4,16,224,112,64,64,0.134035,11.347780,inf,11.352780,8.29,False
32,32,4,16,224,112,128,128,0.536141,45.391118,inf,45.396118,-45.52,False
32,32,4,16,224,112,256,256,2.144566,181.564473,inf,181.569473,-76.24,False
32,32,4,16,224,56,64,64,0.067018,5.673890,inf,5.678890,7.43,False
32,32,4,16,224,56,128,128,0.268071,22.695559,inf,22.700559,8.79,False
32,32,4,16,224,56,256,256,1.072283,90.782236,inf,90.787236,-47.80,False
32,32,4,16,224,28,64,64,0.033509,2.836945,inf,2.841945,-15.32,False
32,32,4,16,224,28,128,128,0.134035,11.347780,inf,11.352780,3.05,False
32,32,4,16,224,28,256,256,0.536141,45.391118,inf,45.396118,14.32,False
32,32,4,16,112,224,64,64,0.134035,11.347780,inf,11.352780,7.99,False
32,32,4,16,112,224,128,128,0.536141,45.391118,inf,45.396118,-45.80,False
32,32,4,16,112,224,256,256,2.144566,181.564473,inf,181.569473,-76.72,False
32,32,4,16,112,112,64,64,0.067018,5.673890,inf,5.678890,-0.81,False
32,32,4,16,112,112,128,128,0.268071,22.695559,inf,22.700559,8.61,False
32,32,4,16,112,112,256,256,1.072283,90.782236,inf,90.787236,-44.50,False
32,32,4,16,112,56,64,64,0.033509,2.836945,inf,2.841945,-15.37,False
32,32,4,16,112,56,128,128,0.134035,11.347780,inf,11.352780,-0.18,False
32,32,4,16,112,56,256,256,0.536141,45.391118,inf,45.396118,8.89,False
32,32,4,16,112,28,64,64,0.016754,1.418472,inf,1.423472,-16.51,False
32,32,4,16,112,28,128,128,0.067018,5.673890,inf,5.678890,-14.76,False
32,32,4,16,112,28,256,256,0.268071,22.695559,inf,22.700559,-1.53,False
32,32,4,16,56,224,64,64,0.067018,5.673890,inf,5.678890,-0.86,False
32,32,4,16,56,224,128,128,0.268071,22.695559,inf,22.700559,-18.98,False
32,32,4,16,56,224,256,256,1.072283,90.782236,inf,90.787236,-54.15,False
32,32,4,16,56,112,64,64,0.033509,2.836945,inf,2.841945,-15.27,False
32,32,4,16,56,112,128,128,0.134035,11.347780,inf,11.352780,-21.61,False
32,32,4,16,56,112,256,256,0.536141,45.391118,inf,45.396118,-8.88,False
32,32,4,16,56,56,64,64,0.016754,1.418472,inf,1.423472,-27.89,False
32,32,4,16,56,56,128,128,0.067018,5.673890,inf,5.678890,-14.81,False
32,32,4,16,56,56,256,256,0.268071,22.695559,inf,22.700559,-1.34,False
32,32,4,16,56,28,64,64,0.008377,0.709236,inf,0.714236,-58.62,False
32,32,4,16,56,28,128,128,0.033509,2.836945,inf,2.841945,-22.03,False
32,32,4,16,56,28,256,256,0.134035,11.347780,inf,11.352780,-13.97,False
32,32,4,16,28,224,64,64,0.033509,2.836945,inf,2.841945,-14.68,False
32,32,4,16,28,224,128,128,0.134035,11.347780,inf,11.352780,13.81,False
32,32,4,16,28,224,256,256,0.536141,45.391118,inf,45.396118,-11.49,False
32,32,4,16,28,112,64,64,0.016754,1.418472,inf,1.423472,-16.71,False
32,32,4,16,28,112,128,128,0.067018,5.673890,inf,5.678890,-22.08,False
32,32,4,16,28,112,256,256,0.268071,22.695559,inf,22.700559,-1.80,False
32,32,4,16,28,56,64,64,0.008377,0.709236,inf,0.714236,-57.81,False
32,32,4,16,28,56,128,128,0.033509,2.836945,inf,2.841945,-16.17,False
32,32,4,16,28,56,256,256,0.134035,11.347780,inf,11.352780,-14.20,False
32,32,4,16,28,28,64,64,0.004189,0.354618,inf,0.359618,-75.75,False
32,32,4,16,28,28,128,128,0.016754,1.418472,inf,1.423472,-51.55,False
32,32,4,16,28,28,256,256,0.067018,5.673890,inf,5.678890,-20.40,False
32,32,8,4,224,224,64,64,0.268071,22.695559,0.215362,4.678031,-45.92,True
32,32,8,4,224,224,128,128,1.072283,90.782236,0.430724,8.753404,-76.46,True
32,32,8,4,224,224,256,256,4.289132,363.128945,0.861449,17.501808,-91.71,True
32,32,8,4,224,112,64,64,0.134035,11.347780,0.123064,2.640344,-39.01,True
32,32,8,4,224,112,128,128,0.536141,45.391118,0.246128,4.678031,-72.13,True
32,32,8,4,224,112,256,256,2.144566,181.564473,0.492256,9.351062,-89.48,True
32,32,8,4,224,56,64,64,0.067018,5.673890,0.061532,1.143375,-50.84,True
32,32,8,4,224,56,128,128,0.268071,22.695559,0.123064,2.640344,-62.72,True
32,32,8,4,224,56,256,256,1.072283,90.782236,0.246128,4.678031,-85.84,True
32,32,8,4,224,28,64,64,0.033509,2.836945,0.030766,0.574187,-51.75,True
32,32,8,4,224,28,128,128,0.134035,11.347780,0.061532,1.143375,-75.31,True
32,32,8,4,224,28,256,256,0.536141,45.391118,0.123064,2.640344,-84.86,True
32,32,8,4,112,224,64,64,0.134035,11.347780,0.123064,2.640344,-27.52,True
32,32,8,4,112,224,128,128,0.536141,45.391118,0.246128,4.678031,-73.54,True
32,32,8,4,112,224,256,256,2.144566,181.564473,0.492256,9.351062,-88.85,True
32,32,8,4,112,112,64,64,0.067018,5.673890,0.070322,1.203141,-48.27,True
32,32,8,4,112,112,128,128,0.268071,22.695559,0.140645,2.640344,-72.66,True
32,32,8,4,112,112,256,256,1.072283,90.782236,0.281289,5.275689,-86.16,True
32,32,8,4,112,56,64,64,0.033509,2.836945,0.035161,0.604070,-49.45,True
32,32,8,4,112,56,128,128,0.134035,11.347780,0.070322,1.203141,-73.45,True
32,32,8,4,112,56,256,256,0.536141,45.391118,0.140645,2.640344,-89.69,True
32,32,8,4,112,28,64,64,0.016754,1.418472,0.017581,0.304535,-74.41,True
32,32,8,4,112,28,128,128,0.067018,5.673890,0.035161,0.604070,-73.98,True
32,32,8,4,112,28,256,256,0.268071,22.695559,0.070322,1.203141,-86.65,True
32,32,8,4,56,224,64,64,0.067018,5.673890,0.061532,1.143375,-56.74,True
32,32,8,4,56,224,128,128,0.268071,22.695559,0.123064,2.640344,-72.12,True
32,32,8,4,56,224,256,256,1.072283,90.782236,0.246128,4.678031,-84.46,True
32,32,8,4,56,112,64,64,0.033509,2.836945,0.035161,0.604070,-49.74,True
32,32,8,4,56,112,128,128,0.134035,11.347780,0.070322,1.203141,-74.67,True
32,32,8,4,56,112,256,256,0.536141,45.391118,0.140645,2.640344,-85.30,True
32,32,8,4,56,56,64,64,0.016754,1.418472,0.017581,0.304535,-74.30,True
32,32,8,4,56,56,128,128,0.067018,5.673890,0.035161,0.604070,-73.92,True
32,32,8,4,56,56,256,256,0.268071,22.695559,0.070322,1.203141,-87.77,True
32,32,8,4,56,28,64,64,0.008377,0.709236,0.008790,0.154768,-86.92,True
32,32,8,4,56,28,128,128,0.033509,2.836945,0.017581,0.304535,-86.85,True
32,32,8,4,56,28,256,256,0.134035,11.347780,0.035161,0.604070,-88.31,True
32,32,8,4,28,224,64,64,0.033509,2.836945,0.030766,0.574187,-51.99,True
32,32,8,4,28,224,128,128,0.134035,11.347780,0.061532,1.143375,-78.21,True
32,32,8,4,28,224,256,256,0.536141,45.391118,0.123064,2.640344,-84.86,True
32,32,8,4,28,112,64,64,0.016754,1.418472,0.017581,0.304535,-74.37,True
32,32,8,4,28,112,128,128,0.067018,5.673890,0.035161,0.604070,-79.32,True
32,32,8,4,28,112,256,256,0.268071,22.695559,0.070322,1.203141,-86.71,True
32,32,8,4,28,56,64,64,0.008377,0.709236,0.008790,0.154768,-87.22,True
32,32,8,4,28,56,128,128,0.033509,2.836945,0.017581,0.304535,-86.88,True
32,32,8,4,28,56,256,256,0.134035,11.347780,0.035161,0.604070,-86.77,True
32,32,8,4,28,28,64,64,0.004189,0.354618,0.004395,0.079884,-93.29,True
32,32,8,4,28,28,128,128,0.016754,1.418472,0.008790,0.154768,-93.28,True
32,32,8,4,28,28,256,256,0.067018,5.673890,0.017581,0.304535,-93.33,True
32,32,8,8,224,224,64,64,0.536141,22.695559,0.234724,5.873346,-23.63,True
32,32,8,8,224,224,128,128,2.144566,90.782236,0.469449,11.741693,-64.27,True
32,32,8,8,224,224,256,256,8.578263,363.128945,0.938897,23.478385,-86.92,True
32,32,8,8,224,112,64,64,0.268071,11.347780,0.134128,3.238002,-38.09,True
32,32,8,8,224,112,128,128,1.072283,45.391118,0.268256,6.471004,-63.98,True
32,32,8,8,224,112,256,256,4.289132,181.564473,0.536513,12.937008,-84.68,True
32,32,8,8,224,56,64,64,0.134035,5.673890,0.067064,1.920330,-35.39,True
32,32,8,8,224,56,128,128,0.536141,22.695559,0.134128,3.238002,-71.19,True
32,32,8,8,224,56,256,256,2.144566,90.782236,0.268256,6.471004,-82.53,True
32,32,8,8,224,28,64,64,0.067018,2.836945,0.033532,0.783368,-47.78,True
32,32,8,8,224,28,128,128,0.268071,11.347780,0.067064,1.920330,-67.19,True
32,32,8,8,224,28,256,256,1.072283,45.391118,0.134128,3.238002,-81.45,True
32,32,8,8,112,224,64,64,0.268071,11.347780,0.134128,3.238002,-31.09,True
32,32,8,8,112,224,128,128,1.072283,45.391118,0.268256,6.471004,-64.10,True
32,32,8,8,112,224,256,256,4.289132,181.564473,0.536513,12.937008,-85.01,True
32,32,8,8,112,112,64,64,0.134035,5.673890,0.076645,1.920330,-35.08,True
32,32,8,8,112,112,128,128,0.536141,22.695559,0.153289,3.835660,-75.60,True
32,32,8,8,112,112,256,256,2.144566,90.782236,0.306579,7.068662,-86.60,True
32,32,8,8,112,56,64,64,0.067018,2.836945,0.038322,0.843133,-44.38,True
32,32,8,8,112,56,128,128,0.268071,11.347780,0.076645,1.920330,-71.31,True
32,32,8,8,112,56,256,256,1.072283,45.391118,0.153289,3.835660,-83.21,True
32,32,8,8,112,28,64,64,0.033509,1.418472,0.019161,0.424067,-72.94,True
32,32,8,8,112,28,128,128,0.134035,5.673890,0.038322,0.843133,-71.16,True
32,32,8,8,112,28,256,256,0.536141,22.695559,0.076645,1.920330,-83.67,True
32,32,8,8,56,224,64,64,0.134035,5.673890,0.067064,1.920330,-35.32,True
32,32,8,8,56,224,128,128,0.536141,22.695559,0.134128,3.238002,-64.30,True
32,32,8,8,56,224,256,256,2.144566,90.782236,0.268256,6.471004,-81.30,True
32,32,8,8,56,112,64,64,0.067018,2.836945,0.038322,0.843133,-44.46,True
32,32,8,8,56,112,128,128,0.268071,11.347780,0.076645,1.920330,-66.87,True
32,32,8,8,56,112,256,256,1.072283,45.391118,0.153289,3.835660,-87.58,True
32,32,8,8,56,56,64,64,0.033509,1.418472,0.019161,0.424067,-71.79,True
32,32,8,8,56,56,128,128,0.134035,5.673890,0.038322,0.843133,-71.38,True
32,32,8,8,56,56,256,256,0.536141,22.695559,0.076645,1.920330,-83.21,True
32,32,8,8,56,28,64,64,0.016754,0.709236,0.009581,0.214533,-85.62,True
32,32,8,8,56,28,128,128,0.067018,2.836945,0.019161,0.424067,-93.26,True
32,32,8,8,56,28,256,256,0.268071,11.347780,0.038322,0.843133,-85.40,True
32,32,8,8,28,224,64,64,0.067018,2.836945,0.033532,0.783368,-56.72,True
32,32,8,8,28,224,128,128,0.268071,11.347780,0.067064,1.920330,-67.15,True
32,32,8,8,28,224,256,256,1.072283,45.391118,0.134128,3.238002,-86.65,True
32,32,8,8,28,112,64,64,0.033509,1.418472,0.019161,0.424067,-71.75,True
32,32,8,8,28,112,128,128,0.134035,5.673890,0.038322,0.843133,-71.28,True
32,32,8,8,28,112,256,256,0.536141,22.695559,0.076645,1.920330,-83.30,True
32,32,8,8,28,56,64,64,0.016754,0.709236,0.009581,0.214533,-85.68,True
32,32,8,8,28,56,128,128,0.067018,2.836945,0.019161,0.424067,-91.11,True
32,32,8,8,28,56,256,256,0.268071,11.347780,0.038322,0.843133,-85.47,True
32,32,8,8,28,28,64,64,0.008377,0.354618,0.004790,0.109767,-92.65,True
32,32,8,8,28,28,128,128,0.033509,1.418472,0.009581,0.214533,-92.64,True
32,32,8,8,28,28,256,256,0.134035,5.673890,0.019161,0.424067,-92.66,True
32,32,8,16,224,224,64,64,0.268071,22.695559,inf,22.700559,-72.56,False
32,32,8,16,224,224,128,128,1.072283,90.782236,inf,90.787236,-76.67,False
32,32,8,16,224,224,256,256,4.289132,363.128945,inf,363.133945,-85.74,False
32,32,8,16,224,112,64,64,0.134035,11.347780,inf,11.352780,-20.18,False
32,32,8,16,224,112,128,128,0.536141,45.391118,inf,45.396118,-48.95,False
32,32,8,16,224,112,256,256,2.144566,181.564473,inf,181.569473,-78.59,False
32,32,8,16,224,56,64,64,0.067018,5.673890,inf,5.678890,-15.10,False
32,32,8,16,224,56,128,128,0.268071,22.695559,inf,22.700559,2.87,False
32,32,8,16,224,56,256,256,1.072283,90.782236,inf,90.787236,-52.92,False
32,32,8,16,224,28,64,64,0.033509,2.836945,inf,2.841945,-15.34,False
32,32,8,16,224,28,128,128,0.134035,11.347780,inf,11.352780,-54.53,False
32,32,8,16,224,28,256,256,0.536141,45.391118,inf,45.396118,14.15,False
32,32,8,16,112,224,64,64,0.134035,11.347780,inf,11.352780,-0.70,False
32,32,8,16,112,224,128,128,0.536141,45.391118,inf,45.396118,-59.07,False
32,32,8,16,112,224,256,256,2.144566,181.564473,inf,181.569473,-80.13,False
32,32,8,16,112,112,64,64,0.067018,5.673890,inf,5.678890,-85.08,False
32,32,8,16,112,112,128,128,0.268071,22.695559,inf,22.700559,-0.56,False
32,32,8,16,112,112,256,256,1.072283,90.782236,inf,90.787236,-59.02,False
32,32,8,16,112,56,64,64,0.033509,2.836945,inf,2.841945,-36.34,False
32,32,8,16,112,56,128,128,0.134035,11.347780,inf,11.352780,-14.53,False
32,32,8,16,112,56,256,256,0.536141,45.391118,inf,45.396118,-47.23,False
32,32,8,16,112,28,64,64,0.016754,1.418472,inf,1.423472,-57.58,False
32,32,8,16,112,28,128,128,0.067018,5.673890,inf,5.678890,-15.09,False
32,32,8,16,112,28,256,256,0.268071,22.695559,inf,22.700559,-16.69,False
32,32,8,16,56,224,64,64,0.067018,5.673890,inf,5.678890,-47.22,False
32,32,8,16,56,224,128,128,0.268071,22.695559,inf,22.700559,-0.42,False
32,32,8,16,56,224,256,256,1.072283,90.782236,inf,90.787236,-72.51,False
32,32,8,16,56,112,64,64,0.033509,2.836945,inf,2.841945,-27.04,False
32,32,8,16,56,112,128,128,0.134035,11.347780,inf,11.352780,-14.04,False
32,32,8,16,56,112,256,256,0.536141,45.391118,inf,45.396118,-15.02,False
32,32,8,16,56,56,64,64,0.016754,1.418472,inf,1.423472,-68.49,False
32,32,8,16,56,56,128,128,0.067018,5.673890,inf,5.678890,-27.03,False
32,32,8,16,56,56,256,256,0.268071,22.695559,inf,22.700559,-19.22,False
32,32,8,16,56,28,64,64,0.008377,0.709236,inf,0.714236,-78.56,False
32,32,8,16,56,28,128,128,0.033509,2.836945,inf,2.841945,-59.48,False
32,32,8,16,56,28,256,256,0.134035,11.347780,inf,11.352780,-21.08,False
32,32,8,16,28,224,64,64,0.033509,2.836945,inf,2.841945,-15.27,False
32,32,8,16,28,224,128,128,0.134035,11.347780,inf,11.352780,-28.39,False
32,32,8,16,28,224,256,256,0.536141,45.391118,inf,45.396118,-5.85,False
32,32,8,16,28,112,64,64,0.016754,1.418472,inf,1.423472,-57.86,False
32,32,8,16,28,112,128,128,0.067018,5.673890,inf,5.678890,-15.29,False
32,32,8,16,28,112,256,256,0.268071,22.695559,inf,22.700559,-14.31,False
32,32,8,16,28,56,64,64,0.008377,0.709236,inf,0.714236,-78.74,False
32,32,8,16,28,56,128,128,0.033509,2.836945,inf,2.841945,-73.73,False
32,32,8,16,28,56,256,256,0.134035,11.347780,inf,11.352780,-14.99,False
32,32,8,16,28,28,64,64,0.004189,0.354618,inf,0.359618,-93.22,False
32,32,8,16,28,28,128,128,0.016754,1.418472,inf,1.423472,-75.44,False
32,32,8,16,28,28,256,256,0.067018,5.673890,inf,5.678890,-59.60,False
32,32,16,4,224,224,64,64,0.268071,22.695559,0.108249,4.150457,-53.89,True
32,32,16,4,224,224,128,128,1.072283,90.782236,0.216497,7.663214,-78.98,True
32,32,16,4,224,224,256,256,4.289132,363.128945,0.432995,14.688728,-92.84,True
32,32,16,4,224,112,64,64,0.134035,11.347780,0.061856,1.887918,-60.36,True
32,32,16,4,224,112,128,128,0.536141,45.391118,0.123713,4.150457,-74.88,True
32,32,16,4,224,112,256,256,2.144566,181.564473,0.247426,7.663214,-91.51,True
32,32,16,4,224,56,64,64,0.067018,5.673890,0.030928,0.946459,-59.79,True
32,32,16,4,224,56,128,128,0.268071,22.695559,0.061856,1.887918,-87.51,True
32,32,16,4,224,56,256,256,1.072283,90.782236,0.123713,4.150457,-86.59,True
32,32,16,4,224,28,64,64,0.033509,2.836945,0.015464,0.475730,-79.43,True
32,32,16,4,224,28,128,128,0.134035,11.347780,0.030928,0.946459,-79.61,True
32,32,16,4,224,28,256,256,0.536141,45.391118,0.061856,1.887918,-95.03,True
32,32,16,4,112,224,64,64,0.134035,11.347780,0.061856,1.887918,-60.70,True
32,32,16,4,112,224,128,128,0.536141,45.391118,0.123713,4.150457,-76.26,True
32,32,16,4,112,224,256,256,2.144566,181.564473,0.247426,7.663214,-90.75,True
32,32,16,4,112,112,64,64,0.067018,5.673890,0.035347,0.978094,-58.54,True
32,32,16,4,112,112,128,128,0.268071,22.695559,0.070693,1.951188,-81.26,True
32,32,16,4,112,112,256,256,1.072283,90.782236,0.141386,4.150457,-89.85,True
32,32,16,4,112,56,64,64,0.033509,2.836945,0.017673,0.491547,-91.77,True
32,32,16,4,112,56,128,128,0.134035,11.347780,0.035347,0.978094,-78.85,True
32,32,16,4,112,56,256,256,0.536141,45.391118,0.070693,1.951188,-91.87,True
32,32,16,4,112,28,64,64,0.016754,1.418472,0.008837,0.248274,-89.24,True
32,32,16,4,112,28,128,128,0.067018,5.673890,0.017673,0.491547,-89.25,True
32,32,16,4,112,28,256,256,0.268071,22.695559,0.035347,0.978094,-89.28,True
32,32,16,4,56,224,64,64,0.067018,5.673890,0.030928,0.946459,-60.03,True
32,32,16,4,56,224,128,128,0.268071,22.695559,0.061856,1.887918,-92.84,True
32,32,16,4,56,224,256,256,1.072283,90.782236,0.123713,4.150457,-85.13,True
32,32,16,4,56,112,64,64,0.033509,2.836945,0.017673,0.491547,-92.21,True
32,32,16,4,56,112,128,128,0.134035,11.347780,0.035347,0.978094,-78.90,True
32,32,16,4,56,112,256,256,0.536141,45.391118,0.070693,1.951188,-92.60,True
32,32,16,4,56,56,64,64,0.016754,1.418472,0.008837,0.248274,-89.29,True
32,32,16,4,56,56,128,128,0.067018,5.673890,0.017673,0.491547,-89.24,True
32,32,16,4,56,56,256,256,0.268071,22.695559,0.035347,0.978094,-89.29,True
32,32,16,4,56,28,64,64,0.008377,0.709236,0.004418,0.126637,-94.54,True
32,32,16,4,56,28,128,128,0.033509,2.836945,0.008837,0.248274,-96.42,True
32,32,16,4,56,28,256,256,0.134035,11.347780,0.017673,0.491547,-96.80,True
32,32,16,4,28,224,64,64,0.033509,2.836945,0.015464,0.475730,-79.47,True
32,32,16,4,28,224,128,128,0.134035,11.347780,0.030928,0.946459,-79.81,True
32,32,16,4,28,224,256,256,0.536141,45.391118,0.061856,1.887918,-89.73,True
32,32,16,4,28,112,64,64,0.016754,1.418472,0.008837,0.248274,-93.00,True
32,32,16,4,28,112,128,128,0.067018,5.673890,0.017673,0.491547,-90.36,True
32,32,16,4,28,112,256,256,0.268071,22.695559,0.035347,0.978094,-89.28,True
32,32,16,4,28,56,64,64,0.008377,0.709236,0.004418,0.126637,-94.60,True
32,32,16,4,28,56,128,128,0.033509,2.836945,0.008837,0.248274,-94.56,True
32,32,16,4,28,56,256,256,0.134035,11.347780,0.017673,0.491547,-94.88,True
32,32,16,4,28,28,64,64,0.004189,0.354618,0.002209,0.065818,-97.57,True
32,32,16,4,28,28,128,128,0.016754,1.418472,0.004418,0.126637,-97.22,True
32,32,16,4,28,28,256,256,0.067018,5.673890,0.008837,0.248274,-97.38,True
32,32,16,8,224,224,64,64,0.536141,22.695559,0.118497,4.783156,-75.98,True
32,32,16,8,224,224,128,128,2.144566,90.782236,0.236995,8.928613,-77.15,True
32,32,16,8,224,224,256,256,8.578263,363.128945,0.473990,17.852226,-90.55,True
32,32,16,8,224,112,64,64,0.268071,11.347780,0.067713,2.710428,-54.66,True
32,32,16,8,224,112,128,128,1.072283,45.391118,0.135426,4.783156,-98.18,True
32,32,16,8,224,112,256,256,4.289132,181.564473,0.270851,9.561313,-90.81,True
32,32,16,8,224,56,64,64,0.134035,5.673890,0.033856,1.167904,-67.29,True
32,32,16,8,224,56,128,128,0.536141,22.695559,0.067713,2.710428,-76.77,True
32,32,16,8,224,56,256,256,2.144566,90.782236,0.135426,4.783156,-98.35,True
32,32,16,8,224,28,64,64,0.067018,2.836945,0.016928,0.586452,-80.00,True
32,32,16,8,224,28,128,128,0.268071,11.347780,0.033856,1.167904,-82.04,True
32,32,16,8,224,28,256,256,1.072283,45.391118,0.067713,2.710428,-88.34,True
32,32,16,8,112,224,64,64,0.268071,11.347780,0.067713,2.710428,-65.47,True
32,32,16,8,112,224,128,128,1.072283,45.391118,0.135426,4.783156,-73.44,True
32,32,16,8,112,224,256,256,4.289132,181.564473,0.270851,9.561313,-90.69,True
32,32,16,8,112,112,64,64,0.134035,5.673890,0.038693,1.231174,-58.82,True
32,32,16,8,112,112,128,128,0.536141,22.695559,0.077386,2.710428,-82.24,True
32,32,16,8,112,112,256,256,2.144566,90.782236,0.154772,5.415856,-90.96,True
32,32,16,8,112,56,64,64,0.067018,2.836945,0.019347,0.618087,-79.00,True
32,32,16,8,112,56,128,128,0.268071,11.347780,0.038693,1.231174,-82.77,True
32,32,16,8,112,56,256,256,1.072283,45.391118,0.077386,2.710428,-88.17,True
32,32,16,8,112,28,64,64,0.033509,1.418472,0.009673,0.311544,-93.69,True
32,32,16,8,112,28,128,128,0.134035,5.673890,0.019347,0.618087,-89.37,True
32,32,16,8,112,28,256,256,0.536141,22.695559,0.038693,1.231174,-89.61,True
32,32,16,8,56,224,64,64,0.134035,5.673890,0.033856,1.167904,-60.82,True
32,32,16,8,56,224,128,128,0.536141,22.695559,0.067713,2.710428,-81.30,True
32,32,16,8,56,224,256,256,2.144566,90.782236,0.135426,4.783156,-86.29,True
32,32,16,8,56,112,64,64,0.067018,2.836945,0.019347,0.618087,-78.97,True
32,32,16,8,56,112,128,128,0.268071,11.347780,0.038693,1.231174,-78.99,True
32,32,16,8,56,112,256,256,1.072283,45.391118,0.077386,2.710428,-93.64,True
32,32,16,8,56,56,64,64,0.033509,1.418472,0.009673,0.311544,-89.39,True
32,32,16,8,56,56,128,128,0.134035,5.673890,0.019347,0.618087,-89.33,True
32,32,16,8,56,56,256,256,0.536141,22.695559,0.038693,1.231174,-89.61,True
32,32,16,8,56,28,64,64,0.016754,0.709236,0.004837,0.158272,-94.74,True
32,32,16,8,56,28,128,128,0.067018,2.836945,0.009673,0.311544,-94.61,True
32,32,16,8,56,28,256,256,0.268071,11.347780,0.019347,0.618087,-95.76,True
32,32,16,8,28,224,64,64,0.067018,2.836945,0.016928,0.586452,-80.04,True
32,32,16,8,28,224,128,128,0.268071,11.347780,0.033856,1.167904,-82.30,True
32,32,16,8,28,224,256,256,1.072283,45.391118,0.067713,2.710428,-88.37,True
32,32,16,8,28,112,64,64,0.033509,1.418472,0.009673,0.311544,-89.50,True
32,32,16,8,28,112,128,128,0.134035,5.673890,0.019347,0.618087,-89.35,True
32,32,16,8,28,112,256,256,0.536141,22.695559,0.038693,1.231174,-91.34,True
32,32,16,8,28,56,64,64,0.016754,0.709236,0.004837,0.158272,-96.23,True
32,32,16,8,28,56,128,128,0.067018,2.836945,0.009673,0.311544,-94.63,True
32,32,16,8,28,56,256,256,0.268071,11.347780,0.019347,0.618087,-96.00,True
32,32,16,8,28,28,64,64,0.008377,0.354618,0.002418,0.081636,-97.21,True
32,32,16,8,28,28,128,128,0.033509,1.418472,0.004837,0.158272,-97.38,True
32,32,16,8,28,28,256,256,0.134035,5.673890,0.009673,0.311544,-98.96,True
32,32,16,16,224,224,64,64,0.268071,22.695559,inf,22.700559,-60.66,False
32,32,16,16,224,224,128,128,1.072283,90.782236,inf,90.787236,-76.22,False
32,32,16,16,224,224,256,256,4.289132,363.128945,inf,363.133945,-94.01,False
32,32,16,16,224,112,64,64,0.134035,11.347780,inf,11.352780,-40.28,False
32,32,16,16,224,112,128,128,0.536141,45.391118,inf,45.396118,-97.32,False
32,32,16,16,224,112,256,256,2.144566,181.564473,inf,181.569473,-95.29,False
32,32,16,16,224,56,64,64,0.067018,5.673890,inf,5.678890,-25.56,False
32,32,16,16,224,56,128,128,0.268071,22.695559,inf,22.700559,-14.65,False
32,32,16,16,224,56,256,256,1.072283,90.782236,inf,90.787236,-49.56,False
32,32,16,16,224,28,64,64,0.033509,2.836945,inf,2.841945,-99.23,False
32,32,16,16,224,28,128,128,0.134035,11.347780,inf,11.352780,-98.43,False
32,32,16,16,224,28,256,256,0.536141,45.391118,inf,45.396118,-17.20,False
32,32,16,16,112,224,64,64,0.134035,11.347780,inf,11.352780,-25.63,False
32,32,16,16,112,224,128,128,0.536141,45.391118,inf,45.396118,-49.37,False
32,32,16,16,112,224,256,256,2.144566,181.564473,inf,181.569473,-76.45,False
32,32,16,16,112,112,64,64,0.067018,5.673890,inf,5.678890,-25.85,False
32,32,16,16,112,112,128,128,0.268071,22.695559,inf,22.700559,-25.00,False
32,32,16,16,112,112,256,256,1.072283,90.782236,inf,90.787236,-45.38,False
32,32,16,16,112,56,64,64,0.033509,2.836945,inf,2.841945,-62.39,False
32,32,16,16,112,56,128,128,0.134035,11.347780,inf,11.352780,-25.97,False
32,32,16,16,112,56,256,256,0.536141,45.391118,inf,45.396118,-14.56,False
32,32,16,16,112,28,64,64,0.016754,1.418472,inf,1.423472,-78.42,False
32,32,16,16,112,28,128,128,0.067018,5.673890,inf,5.678890,-56.88,False
32,32,16,16,112,28,256,256,0.268071,22.695559,inf,22.700559,-14.68,False
32,32,16,16,56,224,64,64,0.067018,5.673890,inf,5.678890,-25.95,False
32,32,16,16,56,224,128,128,0.268071,22.695559,inf,22.700559,-14.55,False
32,32,16,16,56,224,256,256,1.072283,90.782236,inf,90.787236,-49.22,False
32,32,16,16,56,112,64,64,0.033509,2.836945,inf,2.841945,-62.40,False
32,32,16,16,56,112,128,128,0.134035,11.347780,inf,11.352780,-26.24,False
32,32,16,16,56,112,256,256,0.536141,45.391118,inf,45.396118,-13.96,False
32,32,16,16,56,56,64,64,0.016754,1.418472,inf,1.423472,-81.17,False
32,32,16,16,56,56,128,128,0.067018,5.673890,inf,5.678890,-62.31,False
32,32,16,16,56,56,256,256,0.268071,22.695559,inf,22.700559,-25.89,False
32,32,16,16,56,28,64,64,0.008377,0.709236,inf,0.714236,-89.14,False
32,32,16,16,56,28,128,128,0.033509,2.836945,inf,2.841945,-78.42,False
32,32,16,16,56,28,256,256,0.134035,11.347780,inf,11.352780,-56.87,False
32,32,16,16,28,224,64,64,0.033509,2.836945,inf,2.841945,-57.02,False
32,32,16,16,28,224,128,128,0.134035,11.347780,inf,11.352780,-14.66,False
32,32,16,16,28,224,256,256,0.536141,45.391118,inf,45.396118,-14.34,False
32,32,16,16,28,112,64,64,0.016754,1.418472,inf,1.423472,-78.45,False
32,32,16,16,28,112,128,128,0.067018,5.673890,inf,5.678890,-56.98,False
32,32,16,16,28,112,256,256,0.268071,22.695559,inf,22.700559,-14.91,False
32,32,16,16,28,56,64,64,0.008377,0.709236,inf,0.714236,-89.17,False
32,32,16,16,28,56,128,128,0.033509,2.836945,inf,2.841945,-78.45,False
32,32,16,16,28,56,256,256,0.134035,11.347780,inf,11.352780,-56.95,False
32,32,16,16,28,28,64,64,0.004189,0.354618,inf,0.359618,-93.76,False
32,32,16,16,28,28,128,128,0.016754,1.418472,inf,1.423472,-87.66,False
32,32,16,16,28,28,256,256,0.067018,5.673890,inf,5.678890,-75.35,False
