Tx,Ty,Tn,Ti,Nx,Ny,Ni,Nn,Kx,Ky,time_ms
8,8,8,8,224,224,64,64,3,3,20.043000
8,8,8,8,224,224,128,128,3,3,81.991000
8,8,8,8,224,224,256,256,3,3,1668.696000
8,8,8,8,224,112,64,64,3,3,10.167000
8,8,8,8,224,112,128,128,3,3,43.144000
8,8,8,8,224,112,256,256,3,3,655.903000
8,8,8,8,224,56,64,64,3,3,5.189000
8,8,8,8,224,56,128,128,3,3,20.738000
8,8,8,8,224,56,256,256,3,3,154.304000
8,8,8,8,224,28,64,64,3,3,2.902000
8,8,8,8,224,28,128,128,3,3,10.805000
8,8,8,8,224,28,256,256,3,3,39.034000
8,8,8,8,112,224,64,64,3,3,10.191000
8,8,8,8,112,224,128,128,3,3,41.663000
8,8,8,8,112,224,256,256,3,3,653.909000
8,8,8,8,112,112,64,64,3,3,5.203000
8,8,8,8,112,112,128,128,3,3,21.067000
8,8,8,8,112,112,256,256,3,3,148.100000
8,8,8,8,112,56,64,64,3,3,2.855000
8,8,8,8,112,56,128,128,3,3,10.463000
8,8,8,8,112,56,256,256,3,3,42.998000
8,8,8,8,112,28,64,64,3,3,1.719000
8,8,8,8,112,28,128,128,3,3,5.912000
8,8,8,8,112,28,256,256,3,3,20.911000
8,8,8,8,56,224,64,64,3,3,5.438000
8,8,8,8,56,224,128,128,3,3,21.167000
8,8,8,8,56,224,256,256,3,3,83.991000
8,8,8,8,56,112,64,64,3,3,2.952000
8,8,8,8,56,112,128,128,3,3,10.704000
8,8,8,8,56,112,256,256,3,3,39.427000
8,8,8,8,56,56,64,64,3,3,1.675000
8,8,8,8,56,56,128,128,3,3,5.974000
8,8,8,8,56,56,256,256,3,3,21.019000
8,8,8,8,56,28,64,64,3,3,1.061000
8,8,8,8,56,28,128,128,3,3,3.260000
8,8,8,8,56,28,256,256,3,3,11.984000
8,8,8,8,28,224,64,64,3,3,2.903000
8,8,8,8,28,224,128,128,3,3,10.720000
8,8,8,8,28,224,256,256,3,3,41.122000
8,8,8,8,28,112,64,64,3,3,1.787000
8,8,8,8,28,112,128,128,3,3,5.791000
8,8,8,8,28,112,256,256,3,3,20.511000
8,8,8,8,28,56,64,64,3,3,0.806000
8,8,8,8,28,56,128,128,3,3,3.598000
8,8,8,8,28,56,256,256,3,3,11.680000
8,8,8,8,28,28,64,64,3,3,0.549000
8,8,8,8,28,28,128,128,3,3,2.087000
8,8,8,8,28,28,256,256,3,3,7.061000
8,8,8,16,224,224,64,64,3,3,19.537000
8,8,8,16,224,224,128,128,3,3,82.841000
8,8,8,16,224,224,256,256,3,3,1669.986000
8,8,8,16,224,112,64,64,3,3,10.315000
8,8,8,16,224,112,128,128,3,3,42.649000
8,8,8,16,224,112,256,256,3,3,654.394000
8,8,8,16,224,56,64,64,3,3,5.198000
8,8,8,16,224,56,128,128,3,3,21.058000
8,8,8,16,224,56,256,256,3,3,157.337000
8,8,8,16,224,28,64,64,3,3,2.927000
8,8,8,16,224,28,128,128,3,3,10.731000
8,8,8,16,224,28,256,256,3,3,40.926000
8,8,8,16,112,224,64,64,3,3,10.160000
8,8,8,16,112,224,128,128,3,3,41.316000
8,8,8,16,112,224,256,256,3,3,653.403000
8,8,8,16,112,112,64,64,3,3,5.215000
8,8,8,16,112,112,128,128,3,3,20.728000
8,8,8,16,112,112,256,256,3,3,150.104000
8,8,8,16,112,56,64,64,3,3,2.861000
8,8,8,16,112,56,128,128,3,3,10.384000
8,8,8,16,112,56,256,256,3,3,42.520000
8,8,8,16,112,28,64,64,3,3,1.719000
8,8,8,16,112,28,128,128,3,3,5.851000
8,8,8,16,112,28,256,256,3,3,20.907000
8,8,8,16,56,224,64,64,3,3,5.460000
8,8,8,16,56,224,128,128,3,3,19.924000
8,8,8,16,56,224,256,256,3,3,83.772000
8,8,8,16,56,112,64,64,3,3,2.916000
8,8,8,16,56,112,128,128,3,3,10.695000
8,8,8,16,56,112,256,256,3,3,39.374000
8,8,8,16,56,56,64,64,3,3,1.678000
8,8,8,16,56,56,128,128,3,3,5.998000
8,8,8,16,56,56,256,256,3,3,20.779000
8,8,8,16,56,28,64,64,3,3,1.061000
8,8,8,16,56,28,128,128,3,3,3.222000
8,8,8,16,56,28,256,256,3,3,11.603000
8,8,8,16,28,224,64,64,3,3,2.899000
8,8,8,16,28,224,128,128,3,3,10.672000
8,8,8,16,28,224,256,256,3,3,39.308000
8,8,8,16,28,112,64,64,3,3,1.802000
8,8,8,16,28,112,128,128,3,3,5.802000
8,8,8,16,28,112,256,256,3,3,20.711000
8,8,8,16,28,56,64,64,3,3,0.806000
8,8,8,16,28,56,128,128,3,3,3.633000
8,8,8,16,28,56,256,256,3,3,11.645000
8,8,8,16,28,28,64,64,3,3,0.552000
8,8,8,16,28,28,128,128,3,3,2.084000
8,8,8,16,28,28,256,256,3,3,7.066000
8,8,16,8,224,224,64,64,3,3,20.299000
8,8,16,8,224,224,128,128,3,3,82.986000
8,8,16,8,224,224,256,256,3,3,1668.352000
8,8,16,8,224,112,64,64,3,3,10.321000
8,8,16,8,224,112,128,128,3,3,43.191000
8,8,16,8,224,112,256,256,3,3,655.503000
8,8,16,8,224,56,64,64,3,3,5.183000
8,8,16,8,224,56,128,128,3,3,21.059000
8,8,16,8,224,56,256,256,3,3,156.415000
8,8,16,8,224,28,64,64,3,3,2.884000
8,8,16,8,224,28,128,128,3,3,10.927000
8,8,16,8,224,28,256,256,3,3,40.605000
8,8,16,8,112,224,64,64,3,3,10.181000
8,8,16,8,112,224,128,128,3,3,42.943000
8,8,16,8,112,224,256,256,3,3,653.716000
8,8,16,8,112,112,64,64,3,3,5.208000
8,8,16,8,112,112,128,128,3,3,21.038000
8,8,16,8,112,112,256,256,3,3,145.190000
8,8,16,8,112,56,64,64,3,3,2.849000
8,8,16,8,112,56,128,128,3,3,10.321000
8,8,16,8,112,56,256,256,3,3,42.696000
8,8,16,8,112,28,64,64,3,3,1.759000
8,8,16,8,112,28,128,128,3,3,5.783000
8,8,16,8,112,28,256,256,3,3,20.868000
8,8,16,8,56,224,64,64,3,3,5.428000
8,8,16,8,56,224,128,128,3,3,19.868000
8,8,16,8,56,224,256,256,3,3,84.315000
8,8,16,8,56,112,64,64,3,3,2.963000
8,8,16,8,56,112,128,128,3,3,10.960000
8,8,16,8,56,112,256,256,3,3,39.764000
8,8,16,8,56,56,64,64,3,3,1.647000
8,8,16,8,56,56,128,128,3,3,5.977000
8,8,16,8,56,56,256,256,3,3,20.801000
8,8,16,8,56,28,64,64,3,3,1.064000
8,8,16,8,56,28,128,128,3,3,3.253000
8,8,16,8,56,28,256,256,3,3,11.594000
8,8,16,8,28,224,64,64,3,3,2.916000
8,8,16,8,28,224,128,128,3,3,10.645000
8,8,16,8,28,224,256,256,3,3,41.076000
8,8,16,8,28,112,64,64,3,3,1.799000
8,8,16,8,28,112,128,128,3,3,5.744000
8,8,16,8,28,112,256,256,3,3,20.584000
8,8,16,8,28,56,64,64,3,3,0.807000
8,8,16,8,28,56,128,128,3,3,3.625000
8,8,16,8,28,56,256,256,3,3,11.448000
8,8,16,8,28,28,64,64,3,3,0.550000
8,8,16,8,28,28,128,128,3,3,2.085000
8,8,16,8,28,28,256,256,3,3,7.120000
8,8,16,16,224,224,64,64,3,3,20.343000
8,8,16,16,224,224,128,128,3,3,81.805000
8,8,16,16,224,224,256,256,3,3,1668.166000
8,8,16,16,224,112,64,64,3,3,10.158000
8,8,16,16,224,112,128,128,3,3,41.744000
8,8,16,16,224,112,256,256,3,3,656.033000
8,8,16,16,224,56,64,64,3,3,5.186000
8,8,16,16,224,56,128,128,3,3,19.928000
8,8,16,16,224,56,256,256,3,3,152.318000
8,8,16,16,224,28,64,64,3,3,2.889000
8,8,16,16,224,28,128,128,3,3,10.733000
8,8,16,16,224,28,256,256,3,3,39.519000
8,8,16,16,112,224,64,64,3,3,10.157000
8,8,16,16,112,224,128,128,3,3,42.090000
8,8,16,16,112,224,256,256,3,3,652.611000
8,8,16,16,112,112,64,64,3,3,5.210000
8,8,16,16,112,112,128,128,3,3,21.025000
8,8,16,16,112,112,256,256,3,3,149.746000
8,8,16,16,112,56,64,64,3,3,2.855000
8,8,16,16,112,56,128,128,3,3,10.347000
8,8,16,16,112,56,256,256,3,3,42.581000
8,8,16,16,112,28,64,64,3,3,1.720000
8,8,16,16,112,28,128,128,3,3,5.876000
8,8,16,16,112,28,256,256,3,3,20.848000
8,8,16,16,56,224,64,64,3,3,5.439000
8,8,16,16,56,224,128,128,3,3,21.143000
8,8,16,16,56,224,256,256,3,3,82.525000
8,8,16,16,56,112,64,64,3,3,2.934000
8,8,16,16,56,112,128,128,3,3,10.713000
8,8,16,16,56,112,256,256,3,3,39.308000
8,8,16,16,56,56,64,64,3,3,1.662000
8,8,16,16,56,56,128,128,3,3,5.969000
8,8,16,16,56,56,256,256,3,3,20.806000
8,8,16,16,56,28,64,64,3,3,1.061000
8,8,16,16,56,28,128,128,3,3,3.263000
8,8,16,16,56,28,256,256,3,3,11.554000
8,8,16,16,28,224,64,64,3,3,2.897000
8,8,16,16,28,224,128,128,3,3,10.938000
8,8,16,16,28,224,256,256,3,3,39.491000
8,8,16,16,28,112,64,64,3,3,1.795000
8,8,16,16,28,112,128,128,3,3,5.713000
8,8,16,16,28,112,256,256,3,3,20.623000
8,8,16,16,28,56,64,64,3,3,0.807000
8,8,16,16,28,56,128,128,3,3,3.625000
8,8,16,16,28,56,256,256,3,3,11.357000
8,8,16,16,28,28,64,64,3,3,0.550000
8,8,16,16,28,28,128,128,3,3,2.086000
8,8,16,16,28,28,256,256,3,3,7.115000
8,8,32,8,224,224,64,64,3,3,20.350000
8,8,32,8,224,224,128,128,3,3,82.877000
8,8,32,8,224,224,256,256,3,3,1667.646000
8,8,32,8,224,112,64,64,3,3,10.340000
8,8,32,8,224,112,128,128,3,3,43.608000
8,8,32,8,224,112,256,256,3,3,655.947000
8,8,32,8,224,56,64,64,3,3,5.182000
8,8,32,8,224,56,128,128,3,3,20.998000
8,8,32,8,224,56,256,256,3,3,158.508000
8,8,32,8,224,28,64,64,3,3,2.922000
8,8,32,8,224,28,128,128,3,3,11.023000
8,8,32,8,224,28,256,256,3,3,39.069000
8,8,32,8,112,224,64,64,3,3,10.146000
8,8,32,8,112,224,128,128,3,3,41.977000
8,8,32,8,112,224,256,256,3,3,654.540000
8,8,32,8,112,112,64,64,3,3,5.207000
8,8,32,8,112,112,128,128,3,3,21.043000
8,8,32,8,112,112,256,256,3,3,147.436000
8,8,32,8,112,56,64,64,3,3,2.823000
8,8,32,8,112,56,128,128,3,3,10.562000
8,8,32,8,112,56,256,256,3,3,42.811000
8,8,32,8,112,28,64,64,3,3,1.714000
8,8,32,8,112,28,128,128,3,3,5.824000
8,8,32,8,112,28,256,256,3,3,22.159000
8,8,32,8,56,224,64,64,3,3,5.439000
8,8,32,8,56,224,128,128,3,3,20.011000
8,8,32,8,56,224,256,256,3,3,82.586000
8,8,32,8,56,112,64,64,3,3,2.957000
8,8,32,8,56,112,128,128,3,3,10.661000
8,8,32,8,56,112,256,256,3,3,39.506000
8,8,32,8,56,56,64,64,3,3,1.685000
8,8,32,8,56,56,128,128,3,3,5.913000
8,8,32,8,56,56,256,256,3,3,22.167000
8,8,32,8,56,28,64,64,3,3,1.064000
8,8,32,8,56,28,128,128,3,3,3.147000
8,8,32,8,56,28,256,256,3,3,11.943000
8,8,32,8,28,224,64,64,3,3,2.888000
8,8,32,8,28,224,128,128,3,3,10.672000
8,8,32,8,28,224,256,256,3,3,39.208000
8,8,32,8,28,112,64,64,3,3,1.812000
8,8,32,8,28,112,128,128,3,3,5.756000
8,8,32,8,28,112,256,256,3,3,21.243000
8,8,32,8,28,56,64,64,3,3,0.813000
8,8,32,8,28,56,128,128,3,3,3.624000
8,8,32,8,28,56,256,256,3,3,11.312000
8,8,32,8,28,28,64,64,3,3,0.550000
8,8,32,8,28,28,128,128,3,3,2.085000
8,8,32,8,28,28,256,256,3,3,7.175000
8,8,32,16,224,224,64,64,3,3,19.121000
8,8,32,16,224,224,128,128,3,3,81.191000
8,8,32,16,224,224,256,256,3,3,1666.715000
8,8,32,16,224,112,64,64,3,3,10.156000
8,8,32,16,224,112,128,128,3,3,42.121000
8,8,32,16,224,112,256,256,3,3,655.583000
8,8,32,16,224,56,64,64,3,3,5.198000
8,8,32,16,224,56,128,128,3,3,19.986000
8,8,32,16,224,56,256,256,3,3,153.722000
8,8,32,16,224,28,64,64,3,3,2.882000
8,8,32,16,224,28,128,128,3,3,11.004000
8,8,32,16,224,28,256,256,3,3,40.893000
8,8,32,16,112,224,64,64,3,3,10.313000
8,8,32,16,112,224,128,128,3,3,42.162000
8,8,32,16,112,224,256,256,3,3,653.650000
8,8,32,16,112,112,64,64,3,3,5.211000
8,8,32,16,112,112,128,128,3,3,19.853000
8,8,32,16,112,112,256,256,3,3,140.498000
8,8,32,16,112,56,64,64,3,3,2.855000
8,8,32,16,112,56,128,128,3,3,10.553000
8,8,32,16,112,56,256,256,3,3,42.326000
8,8,32,16,112,28,64,64,3,3,1.711000
8,8,32,16,112,28,128,128,3,3,5.851000
8,8,32,16,112,28,256,256,3,3,22.311000
8,8,32,16,56,224,64,64,3,3,5.397000
8,8,32,16,56,224,128,128,3,3,21.162000
8,8,32,16,56,224,256,256,3,3,83.670000
8,8,32,16,56,112,64,64,3,3,2.961000
8,8,32,16,56,112,128,128,3,3,10.654000
8,8,32,16,56,112,256,256,3,3,41.262000
8,8,32,16,56,56,64,64,3,3,1.613000
8,8,32,16,56,56,128,128,3,3,5.992000
8,8,32,16,56,56,256,256,3,3,21.564000
8,8,32,16,56,28,64,64,3,3,1.062000
8,8,32,16,56,28,128,128,3,3,3.240000
8,8,32,16,56,28,256,256,3,3,11.614000
8,8,32,16,28,224,64,64,3,3,2.896000
8,8,32,16,28,224,128,128,3,3,10.671000
8,8,32,16,28,224,256,256,3,3,39.412000
8,8,32,16,28,112,64,64,3,3,1.810000
8,8,32,16,28,112,128,128,3,3,5.790000
8,8,32,16,28,112,256,256,3,3,20.972000
8,8,32,16,28,56,64,64,3,3,0.810000
8,8,32,16,28,56,128,128,3,3,3.603000
8,8,32,16,28,56,256,256,3,3,11.309000
8,8,32,16,28,28,64,64,3,3,0.558000
8,8,32,16,28,28,128,128,3,3,2.084000
8,8,32,16,28,28,256,256,3,3,7.069000
16,16,8,8,224,224,64,64,3,3,19.166000
16,16,8,8,224,224,128,128,3,3,81.490000
16,16,8,8,224,224,256,256,3,3,1671.494000
16,16,8,8,224,112,64,64,3,3,10.135000
16,16,8,8,224,112,128,128,3,3,42.493000
16,16,8,8,224,112,256,256,3,3,655.432000
16,16,8,8,224,56,64,64,3,3,5.199000
16,16,8,8,224,56,128,128,3,3,20.530000
16,16,8,8,224,56,256,256,3,3,155.784000
16,16,8,8,224,28,64,64,3,3,2.904000
16,16,8,8,224,28,128,128,3,3,10.825000
16,16,8,8,224,28,256,256,3,3,39.042000
16,16,8,8,112,224,64,64,3,3,10.218000
16,16,8,8,112,224,128,128,3,3,41.222000
16,16,8,8,112,224,256,256,3,3,654.793000
16,16,8,8,112,112,64,64,3,3,5.205000
16,16,8,8,112,112,128,128,3,3,21.093000
16,16,8,8,112,112,256,256,3,3,140.573000
16,16,8,8,112,56,64,64,3,3,2.851000
16,16,8,8,112,56,128,128,3,3,10.373000
16,16,8,8,112,56,256,256,3,3,42.812000
16,16,8,8,112,28,64,64,3,3,1.714000
16,16,8,8,112,28,128,128,3,3,5.866000
16,16,8,8,112,28,256,256,3,3,22.313000
16,16,8,8,56,224,64,64,3,3,5.428000
16,16,8,8,56,224,128,128,3,3,21.162000
16,16,8,8,56,224,256,256,3,3,83.433000
16,16,8,8,56,112,64,64,3,3,2.930000
16,16,8,8,56,112,128,128,3,3,10.672000
16,16,8,8,56,112,256,256,3,3,41.262000
16,16,8,8,56,56,64,64,3,3,1.634000
16,16,8,8,56,56,128,128,3,3,5.969000
16,16,8,8,56,56,256,256,3,3,22.363000
16,16,8,8,56,28,64,64,3,3,1.064000
16,16,8,8,56,28,128,128,3,3,3.340000
16,16,8,8,56,28,256,256,3,3,12.033000
16,16,8,8,28,224,64,64,3,3,2.899000
16,16,8,8,28,224,128,128,3,3,10.855000
16,16,8,8,28,224,256,256,3,3,40.699000
16,16,8,8,28,112,64,64,3,3,1.806000
16,16,8,8,28,112,128,128,3,3,5.730000
16,16,8,8,28,112,256,256,3,3,21.999000
16,16,8,8,28,56,64,64,3,3,0.807000
16,16,8,8,28,56,128,128,3,3,3.612000
16,16,8,8,28,56,256,256,3,3,11.656000
16,16,8,8,28,28,64,64,3,3,0.552000
16,16,8,8,28,28,128,128,3,3,2.085000
16,16,8,8,28,28,256,256,3,3,7.126000
16,16,8,16,224,224,64,64,3,3,20.350000
16,16,8,16,224,224,128,128,3,3,83.589000
16,16,8,16,224,224,256,256,3,3,1670.438000
16,16,8,16,224,112,64,64,3,3,10.163000
16,16,8,16,224,112,128,128,3,3,41.718000
16,16,8,16,224,112,256,256,3,3,654.859000
16,16,8,16,224,56,64,64,3,3,5.188000
16,16,8,16,224,56,128,128,3,3,21.086000
16,16,8,16,224,56,256,256,3,3,158.898000
16,16,8,16,224,28,64,64,3,3,2.887000
16,16,8,16,224,28,128,128,3,3,10.739000
16,16,8,16,224,28,256,256,3,3,39.075000
16,16,8,16,112,224,64,64,3,3,10.187000
16,16,8,16,112,224,128,128,3,3,42.319000
16,16,8,16,112,224,256,256,3,3,654.527000
16,16,8,16,112,112,64,64,3,3,5.211000
16,16,8,16,112,112,128,128,3,3,19.789000
16,16,8,16,112,112,256,256,3,3,143.576000
16,16,8,16,112,56,64,64,3,3,2.860000
16,16,8,16,112,56,128,128,3,3,10.359000
16,16,8,16,112,56,256,256,3,3,41.775000
16,16,8,16,112,28,64,64,3,3,1.723000
16,16,8,16,112,28,128,128,3,3,5.895000
16,16,8,16,112,28,256,256,3,3,22.272000
16,16,8,16,56,224,64,64,3,3,5.445000
16,16,8,16,56,224,128,128,3,3,19.870000
16,16,8,16,56,224,256,256,3,3,83.575000
16,16,8,16,56,112,64,64,3,3,2.959000
16,16,8,16,56,112,128,128,3,3,10.711000
16,16,8,16,56,112,256,256,3,3,39.400000
16,16,8,16,56,56,64,64,3,3,1.661000
16,16,8,16,56,56,128,128,3,3,5.953000
16,16,8,16,56,56,256,256,3,3,20.851000
16,16,8,16,56,28,64,64,3,3,1.061000
16,16,8,16,56,28,128,128,3,3,3.317000
16,16,8,16,56,28,256,256,3,3,11.456000
16,16,8,16,28,224,64,64,3,3,2.903000
16,16,8,16,28,224,128,128,3,3,10.716000
16,16,8,16,28,224,256,256,3,3,41.026000
16,16,8,16,28,112,64,64,3,3,1.796000
16,16,8,16,28,112,128,128,3,3,5.740000
16,16,8,16,28,112,256,256,3,3,20.566000
16,16,8,16,28,56,64,64,3,3,0.807000
16,16,8,16,28,56,128,128,3,3,3.603000
16,16,8,16,28,56,256,256,3,3,11.631000
16,16,8,16,28,28,64,64,3,3,0.550000
16,16,8,16,28,28,128,128,3,3,2.087000
16,16,8,16,28,28,256,256,3,3,7.173000
16,16,16,8,224,224,64,64,3,3,20.344000
16,16,16,8,224,224,128,128,3,3,81.434000
16,16,16,8,224,224,256,256,3,3,1665.172000
16,16,16,8,224,112,64,64,3,3,10.284000
16,16,16,8,224,112,128,128,3,3,43.463000
16,16,16,8,224,112,256,256,3,3,655.317000
16,16,16,8,224,56,64,64,3,3,5.195000
16,16,16,8,224,56,128,128,3,3,21.022000
16,16,16,8,224,56,256,256,3,3,155.243000
16,16,16,8,224,28,64,64,3,3,2.897000
16,16,16,8,224,28,128,128,3,3,10.778000
16,16,16,8,224,28,256,256,3,3,38.992000
16,16,16,8,112,224,64,64,3,3,10.183000
16,16,16,8,112,224,128,128,3,3,41.469000
16,16,16,8,112,224,256,256,3,3,653.310000
16,16,16,8,112,112,64,64,3,3,5.200000
16,16,16,8,112,112,128,128,3,3,20.693000
16,16,16,8,112,112,256,256,3,3,143.523000
16,16,16,8,112,56,64,64,3,3,2.850000
16,16,16,8,112,56,128,128,3,3,10.409000
16,16,16,8,112,56,256,256,3,3,42.812000
16,16,16,8,112,28,64,64,3,3,1.722000
16,16,16,8,112,28,128,128,3,3,5.930000
16,16,16,8,112,28,256,256,3,3,22.381000
16,16,16,8,56,224,64,64,3,3,5.419000
16,16,16,8,56,224,128,128,3,3,19.929000
16,16,16,8,56,224,256,256,3,3,82.756000
16,16,16,8,56,112,64,64,3,3,2.972000
16,16,16,8,56,112,128,128,3,3,10.706000
16,16,16,8,56,112,256,256,3,3,39.387000
16,16,16,8,56,56,64,64,3,3,1.660000
16,16,16,8,56,56,128,128,3,3,5.962000
16,16,16,8,56,56,256,256,3,3,20.744000
16,16,16,8,56,28,64,64,3,3,1.061000
16,16,16,8,56,28,128,128,3,3,3.211000
16,16,16,8,56,28,256,256,3,3,11.706000
16,16,16,8,28,224,64,64,3,3,2.887000
16,16,16,8,28,224,128,128,3,3,10.696000
16,16,16,8,28,224,256,256,3,3,39.280000
16,16,16,8,28,112,64,64,3,3,1.803000
16,16,16,8,28,112,128,128,3,3,5.751000
16,16,16,8,28,112,256,256,3,3,20.629000
16,16,16,8,28,56,64,64,3,3,0.808000
16,16,16,8,28,56,128,128,3,3,3.622000
16,16,16,8,28,56,256,256,3,3,11.737000
16,16,16,8,28,28,64,64,3,3,0.551000
16,16,16,8,28,28,128,128,3,3,2.086000
16,16,16,8,28,28,256,256,3,3,7.109000
16,16,16,16,224,224,64,64,3,3,20.339000
16,16,16,16,224,224,128,128,3,3,83.102000
16,16,16,16,224,224,256,256,3,3,1668.283000
16,16,16,16,224,112,64,64,3,3,10.314000
16,16,16,16,224,112,128,128,3,3,43.066000
16,16,16,16,224,112,256,256,3,3,655.511000
16,16,16,16,224,56,64,64,3,3,5.185000
16,16,16,16,224,56,128,128,3,3,21.048000
16,16,16,16,224,56,256,256,3,3,154.848000
16,16,16,16,224,28,64,64,3,3,2.878000
16,16,16,16,224,28,128,128,3,3,11.012000
16,16,16,16,224,28,256,256,3,3,40.939000
16,16,16,16,112,224,64,64,3,3,10.347000
16,16,16,16,112,224,128,128,3,3,41.744000
16,16,16,16,112,224,256,256,3,3,653.204000
16,16,16,16,112,112,64,64,3,3,5.199000
16,16,16,16,112,112,128,128,3,3,20.985000
16,16,16,16,112,112,256,256,3,3,145.709000
16,16,16,16,112,56,64,64,3,3,2.841000
16,16,16,16,112,56,128,128,3,3,10.561000
16,16,16,16,112,56,256,256,3,3,42.366000
16,16,16,16,112,28,64,64,3,3,1.701000
16,16,16,16,112,28,128,128,3,3,5.856000
16,16,16,16,112,28,256,256,3,3,22.235000
16,16,16,16,56,224,64,64,3,3,5.420000
16,16,16,16,56,224,128,128,3,3,21.146000
16,16,16,16,56,224,256,256,3,3,89.533000
16,16,16,16,56,112,64,64,3,3,2.957000
16,16,16,16,56,112,128,128,3,3,10.939000
16,16,16,16,56,112,256,256,3,3,41.107000
16,16,16,16,56,56,64,64,3,3,1.662000
16,16,16,16,56,56,128,128,3,3,5.930000
16,16,16,16,56,56,256,256,3,3,22.037000
16,16,16,16,56,28,64,64,3,3,1.062000
16,16,16,16,56,28,128,128,3,3,3.318000
16,16,16,16,56,28,256,256,3,3,11.898000
16,16,16,16,28,224,64,64,3,3,2.906000
16,16,16,16,28,224,128,128,3,3,10.903000
16,16,16,16,28,224,256,256,3,3,40.702000
16,16,16,16,28,112,64,64,3,3,1.812000
16,16,16,16,28,112,128,128,3,3,5.724000
16,16,16,16,28,112,256,256,3,3,21.836000
16,16,16,16,28,56,64,64,3,3,0.807000
16,16,16,16,28,56,128,128,3,3,3.613000
16,16,16,16,28,56,256,256,3,3,11.366000
16,16,16,16,28,28,64,64,3,3,0.551000
16,16,16,16,28,28,128,128,3,3,2.088000
16,16,16,16,28,28,256,256,3,3,7.042000
16,16,32,8,224,224,64,64,3,3,20.260000
16,16,32,8,224,224,128,128,3,3,82.432000
16,16,32,8,224,224,256,256,3,3,1670.063000
16,16,32,8,224,112,64,64,3,3,10.317000
16,16,32,8,224,112,128,128,3,3,43.531000
16,16,32,8,224,112,256,256,3,3,655.010000
16,16,32,8,224,56,64,64,3,3,5.188000
16,16,32,8,224,56,128,128,3,3,21.012000
16,16,32,8,224,56,256,256,3,3,156.592000
16,16,32,8,224,28,64,64,3,3,2.877000
16,16,32,8,224,28,128,128,3,3,10.767000
16,16,32,8,224,28,256,256,3,3,38.936000
16,16,32,8,112,224,64,64,3,3,10.263000
16,16,32,8,112,224,128,128,3,3,41.883000
16,16,32,8,112,224,256,256,3,3,654.101000
16,16,32,8,112,112,64,64,3,3,5.205000
16,16,32,8,112,112,128,128,3,3,20.456000
16,16,32,8,112,112,256,256,3,3,143.543000
16,16,32,8,112,56,64,64,3,3,2.873000
16,16,32,8,112,56,128,128,3,3,10.403000
16,16,32,8,112,56,256,256,3,3,43.141000
16,16,32,8,112,28,64,64,3,3,1.691000
16,16,32,8,112,28,128,128,3,3,5.909000
16,16,32,8,112,28,256,256,3,3,22.373000
16,16,32,8,56,224,64,64,3,3,5.419000
16,16,32,8,56,224,128,128,3,3,21.102000
16,16,32,8,56,224,256,256,3,3,83.603000
16,16,32,8,56,112,64,64,3,3,2.924000
16,16,32,8,56,112,128,128,3,3,10.939000
16,16,32,8,56,112,256,256,3,3,41.111000
16,16,32,8,56,56,64,64,3,3,1.663000
16,16,32,8,56,56,128,128,3,3,5.919000
16,16,32,8,56,56,256,256,3,3,22.192000
16,16,32,8,56,28,64,64,3,3,1.062000
16,16,32,8,56,28,128,128,3,3,3.355000
16,16,32,8,56,28,256,256,3,3,11.917000
16,16,32,8,28,224,64,64,3,3,2.911000
16,16,32,8,28,224,128,128,3,3,10.844000
16,16,32,8,28,224,256,256,3,3,40.802000
16,16,32,8,28,112,64,64,3,3,1.802000
16,16,32,8,28,112,128,128,3,3,5.820000
16,16,32,8,28,112,256,256,3,3,21.879000
16,16,32,8,28,56,64,64,3,3,0.810000
16,16,32,8,28,56,128,128,3,3,3.568000
16,16,32,8,28,56,256,256,3,3,11.490000
16,16,32,8,28,28,64,64,3,3,0.555000
16,16,32,8,28,28,128,128,3,3,2.085000
16,16,32,8,28,28,256,256,3,3,7.070000
16,16,32,16,224,224,64,64,3,3,19.100000
16,16,32,16,224,224,128,128,3,3,82.898000
16,16,32,16,224,224,256,256,3,3,1668.596000
16,16,32,16,224,112,64,64,3,3,10.135000
16,16,32,16,224,112,128,128,3,3,41.701000
16,16,32,16,224,112,256,256,3,3,654.625000
16,16,32,16,224,56,64,64,3,3,5.187000
16,16,32,16,224,56,128,128,3,3,21.006000
16,16,32,16,224,56,256,256,3,3,155.790000
16,16,32,16,224,28,64,64,3,3,2.895000
16,16,32,16,224,28,128,128,3,3,10.922000
16,16,32,16,224,28,256,256,3,3,40.423000
16,16,32,16,112,224,64,64,3,3,10.338000
16,16,32,16,112,224,128,128,3,3,43.593000
16,16,32,16,112,224,256,256,3,3,653.902000
16,16,32,16,112,112,64,64,3,3,5.202000
16,16,32,16,112,112,128,128,3,3,21.037000
16,16,32,16,112,112,256,256,3,3,143.414000
16,16,32,16,112,56,64,64,3,3,2.853000
16,16,32,16,112,56,128,128,3,3,10.529000
16,16,32,16,112,56,256,256,3,3,42.430000
16,16,32,16,112,28,64,64,3,3,1.750000
16,16,32,16,112,28,128,128,3,3,5.872000
16,16,32,16,112,28,256,256,3,3,22.288000
16,16,32,16,56,224,64,64,3,3,5.406000
16,16,32,16,56,224,128,128,3,3,21.207000
16,16,32,16,56,224,256,256,3,3,83.009000
16,16,32,16,56,112,64,64,3,3,2.926000
16,16,32,16,56,112,128,128,3,3,10.934000
16,16,32,16,56,112,256,256,3,3,41.234000
16,16,32,16,56,56,64,64,3,3,1.682000
16,16,32,16,56,56,128,128,3,3,5.961000
16,16,32,16,56,56,256,256,3,3,22.186000
16,16,32,16,56,28,64,64,3,3,1.061000
16,16,32,16,56,28,128,128,3,3,3.276000
16,16,32,16,56,28,256,256,3,3,11.920000
16,16,32,16,28,224,64,64,3,3,2.889000
16,16,32,16,28,224,128,128,3,3,10.885000
16,16,32,16,28,224,256,256,3,3,41.141000
16,16,32,16,28,112,64,64,3,3,1.808000
16,16,32,16,28,112,128,128,3,3,5.759000
16,16,32,16,28,112,256,256,3,3,22.031000
16,16,32,16,28,56,64,64,3,3,0.807000
16,16,32,16,28,56,128,128,3,3,3.629000
16,16,32,16,28,56,256,256,3,3,11.603000
16,16,32,16,28,28,64,64,3,3,0.551000
16,16,32,16,28,28,128,128,3,3,2.089000
16,16,32,16,28,28,256,256,3,3,7.048000
32,32,8,8,224,224,64,64,3,3,19.195000
32,32,8,8,224,224,128,128,3,3,81.314000
32,32,8,8,224,224,256,256,3,3,1665.742000
32,32,8,8,224,112,64,64,3,3,10.173000
32,32,8,8,224,112,128,128,3,3,41.453000
32,32,8,8,224,112,256,256,3,3,655.627000
32,32,8,8,224,56,64,64,3,3,5.179000
32,32,8,8,224,56,128,128,3,3,19.852000
32,32,8,8,224,56,256,256,3,3,155.764000
32,32,8,8,224,28,64,64,3,3,2.885000
32,32,8,8,224,28,128,128,3,3,10.872000
32,32,8,8,224,28,256,256,3,3,39.132000
32,32,8,8,112,224,64,64,3,3,10.240000
32,32,8,8,112,224,128,128,3,3,41.471000
32,32,8,8,112,224,256,256,3,3,654.968000
32,32,8,8,112,112,64,64,3,3,5.202000
32,32,8,8,112,112,128,128,3,3,21.051000
32,32,8,8,112,112,256,256,3,3,147.002000
32,32,8,8,112,56,64,64,3,3,2.858000
32,32,8,8,112,56,128,128,3,3,10.438000
32,32,8,8,112,56,256,256,3,3,41.799000
32,32,8,8,112,28,64,64,3,3,1.733000
32,32,8,8,112,28,128,128,3,3,5.900000
32,32,8,8,112,28,256,256,3,3,20.867000
32,32,8,8,56,224,64,64,3,3,5.424000
32,32,8,8,56,224,128,128,3,3,19.921000
32,32,8,8,56,224,256,256,3,3,83.320000
32,32,8,8,56,112,64,64,3,3,2.943000
32,32,8,8,56,112,128,128,3,3,10.812000
32,32,8,8,56,112,256,256,3,3,41.349000
32,32,8,8,56,56,64,64,3,3,1.653000
32,32,8,8,56,56,128,128,3,3,5.956000
32,32,8,8,56,56,256,256,3,3,20.785000
32,32,8,8,56,28,64,64,3,3,1.059000
32,32,8,8,56,28,128,128,3,3,3.304000
32,32,8,8,56,28,256,256,3,3,11.621000
32,32,8,8,28,224,64,64,3,3,2.893000
32,32,8,8,28,224,128,128,3,3,10.671000
32,32,8,8,28,224,256,256,3,3,39.127000
32,32,8,8,28,112,64,64,3,3,1.790000
32,32,8,8,28,112,128,128,3,3,5.787000
32,32,8,8,28,112,256,256,3,3,20.510000
32,32,8,8,28,56,64,64,3,3,0.804000
32,32,8,8,28,56,128,128,3,3,3.606000
32,32,8,8,28,56,256,256,3,3,11.340000
32,32,8,8,28,28,64,64,3,3,0.550000
32,32,8,8,28,28,128,128,3,3,2.083000
32,32,8,8,28,28,256,256,3,3,7.109000
32,32,8,16,224,224,64,64,3,3,20.319000
32,32,8,16,224,224,128,128,3,3,81.944000
32,32,8,16,224,224,256,256,3,3,1669.278000
32,32,8,16,224,112,64,64,3,3,10.241000
32,32,8,16,224,112,128,128,3,3,42.868000
32,32,8,16,224,112,256,256,3,3,655.939000
32,32,8,16,224,56,64,64,3,3,5.189000
32,32,8,16,224,56,128,128,3,3,20.989000
32,32,8,16,224,56,256,256,3,3,156.068000
32,32,8,16,224,28,64,64,3,3,2.878000
32,32,8,16,224,28,128,128,3,3,10.911000
32,32,8,16,224,28,256,256,3,3,38.978000
32,32,8,16,112,224,64,64,3,3,10.197000
32,32,8,16,112,224,128,128,3,3,42.889000
32,32,8,16,112,224,256,256,3,3,653.490000
32,32,8,16,112,112,64,64,3,3,5.203000
32,32,8,16,112,112,128,128,3,3,21.072000
32,32,8,16,112,112,256,256,3,3,147.040000
32,32,8,16,112,56,64,64,3,3,2.855000
32,32,8,16,112,56,128,128,3,3,10.405000
32,32,8,16,112,56,256,256,3,3,42.390000
32,32,8,16,112,28,64,64,3,3,1.718000
32,32,8,16,112,28,128,128,3,3,5.846000
32,32,8,16,112,28,256,256,3,3,22.299000
32,32,8,16,56,224,64,64,3,3,5.442000
32,32,8,16,56,224,128,128,3,3,19.833000
32,32,8,16,56,224,256,256,3,3,82.382000
32,32,8,16,56,112,64,64,3,3,2.918000
32,32,8,16,56,112,128,128,3,3,10.803000
32,32,8,16,56,112,256,256,3,3,39.614000
32,32,8,16,56,56,64,64,3,3,1.671000
32,32,8,16,56,56,128,128,3,3,6.011000
32,32,8,16,56,56,256,256,3,3,22.215000
32,32,8,16,56,28,64,64,3,3,1.059000
32,32,8,16,56,28,128,128,3,3,3.214000
32,32,8,16,56,28,256,256,3,3,11.993000
32,32,8,16,28,224,64,64,3,3,2.902000
32,32,8,16,28,224,128,128,3,3,10.705000
32,32,8,16,28,224,256,256,3,3,39.165000
32,32,8,16,28,112,64,64,3,3,1.801000
32,32,8,16,28,112,128,128,3,3,5.768000
32,32,8,16,28,112,256,256,3,3,20.468000
32,32,8,16,28,56,64,64,3,3,0.806000
32,32,8,16,28,56,128,128,3,3,3.637000
32,32,8,16,28,56,256,256,3,3,11.430000
32,32,8,16,28,28,64,64,3,3,0.550000
32,32,8,16,28,28,128,128,3,3,2.085000
32,32,8,16,28,28,256,256,3,3,7.191000
32,32,16,8,224,224,64,64,3,3,19.289000
32,32,16,8,224,224,128,128,3,3,82.977000
32,32,16,8,224,224,256,256,3,3,1666.940000
32,32,16,8,224,112,64,64,3,3,10.317000
32,32,16,8,224,112,128,128,3,3,41.077000
32,32,16,8,224,112,256,256,3,3,655.863000
32,32,16,8,224,56,64,64,3,3,5.180000
32,32,16,8,224,56,128,128,3,3,19.816000
32,32,16,8,224,56,256,256,3,3,155.791000
32,32,16,8,224,28,64,64,3,3,2.854000
32,32,16,8,224,28,128,128,3,3,10.730000
32,32,16,8,224,28,256,256,3,3,40.914000
32,32,16,8,112,224,64,64,3,3,10.237000
32,32,16,8,112,224,128,128,3,3,43.325000
32,32,16,8,112,224,256,256,3,3,654.230000
32,32,16,8,112,112,64,64,3,3,5.194000
32,32,16,8,112,112,128,128,3,3,20.020000
32,32,16,8,112,112,256,256,3,3,148.197000
32,32,16,8,112,56,64,64,3,3,2.854000
32,32,16,8,112,56,128,128,3,3,10.307000
32,32,16,8,112,56,256,256,3,3,41.487000
32,32,16,8,112,28,64,64,3,3,1.729000
32,32,16,8,112,28,128,128,3,3,5.833000
32,32,16,8,112,28,256,256,3,3,20.951000
32,32,16,8,56,224,64,64,3,3,5.453000
32,32,16,8,56,224,128,128,3,3,21.115000
32,32,16,8,56,224,256,256,3,3,83.966000
32,32,16,8,56,112,64,64,3,3,2.940000
32,32,16,8,56,112,128,128,3,3,10.744000
32,32,16,8,56,112,256,256,3,3,39.539000
32,32,16,8,56,56,64,64,3,3,1.662000
32,32,16,8,56,56,128,128,3,3,5.968000
32,32,16,8,56,56,256,256,3,3,21.001000
32,32,16,8,56,28,64,64,3,3,1.063000
32,32,16,8,56,28,128,128,3,3,3.329000
32,32,16,8,56,28,256,256,3,3,11.656000
32,32,16,8,28,224,64,64,3,3,2.898000
32,32,16,8,28,224,128,128,3,3,10.682000
32,32,16,8,28,224,256,256,3,3,41.130000
32,32,16,8,28,112,64,64,3,3,1.810000
32,32,16,8,28,112,128,128,3,3,5.789000
32,32,16,8,28,112,256,256,3,3,20.713000
32,32,16,8,28,56,64,64,3,3,0.806000
32,32,16,8,28,56,128,128,3,3,3.604000
32,32,16,8,28,56,256,256,3,3,11.627000
32,32,16,8,28,28,64,64,3,3,0.552000
32,32,16,8,28,28,128,128,3,3,2.086000
32,32,16,8,28,28,256,256,3,3,7.068000
32,32,16,16,224,224,64,64,3,3,19.240000
32,32,16,16,224,224,128,128,3,3,83.057000
32,32,16,16,224,224,256,256,3,3,1666.421000
32,32,16,16,224,112,64,64,3,3,10.113000
32,32,16,16,224,112,128,128,3,3,41.310000
32,32,16,16,224,112,256,256,3,3,655.197000
32,32,16,16,224,56,64,64,3,3,5.192000
32,32,16,16,224,56,128,128,3,3,19.995000
32,32,16,16,224,56,256,256,3,3,158.414000
32,32,16,16,224,28,64,64,3,3,2.922000
32,32,16,16,224,28,128,128,3,3,10.868000
32,32,16,16,224,28,256,256,3,3,40.825000
32,32,16,16,112,224,64,64,3,3,10.178000
32,32,16,16,112,224,128,128,3,3,42.892000
32,32,16,16,112,224,256,256,3,3,655.370000
32,32,16,16,112,112,64,64,3,3,5.208000
32,32,16,16,112,112,128,128,3,3,20.213000
32,32,16,16,112,112,256,256,3,3,150.627000
32,32,16,16,112,56,64,64,3,3,2.860000
32,32,16,16,112,56,128,128,3,3,10.343000
32,32,16,16,112,56,256,256,3,3,41.786000
32,32,16,16,112,28,64,64,3,3,1.731000
32,32,16,16,112,28,128,128,3,3,5.838000
32,32,16,16,112,28,256,256,3,3,22.396000
32,32,16,16,56,224,64,64,3,3,5.422000
32,32,16,16,56,224,128,128,3,3,21.110000
32,32,16,16,56,224,256,256,3,3,82.544000
32,32,16,16,56,112,64,64,3,3,2.915000
32,32,16,16,56,112,128,128,3,3,10.966000
32,32,16,16,56,112,256,256,3,3,41.361000
32,32,16,16,56,56,64,64,3,3,1.651000
32,32,16,16,56,56,128,128,3,3,5.958000
32,32,16,16,56,56,256,256,3,3,20.852000
32,32,16,16,56,28,64,64,3,3,1.061000
32,32,16,16,56,28,128,128,3,3,3.234000
32,32,16,16,56,28,256,256,3,3,11.587000
32,32,16,16,28,224,64,64,3,3,2.894000
32,32,16,16,28,224,128,128,3,3,10.688000
32,32,16,16,28,224,256,256,3,3,41.112000
32,32,16,16,28,112,64,64,3,3,1.807000
32,32,16,16,28,112,128,128,3,3,5.804000
32,32,16,16,28,112,256,256,3,3,21.893000
32,32,16,16,28,56,64,64,3,3,0.806000
32,32,16,16,28,56,128,128,3,3,3.617000
32,32,16,16,28,56,256,256,3,3,11.623000
32,32,16,16,28,28,64,64,3,3,0.551000
32,32,16,16,28,28,128,128,3,3,2.090000
32,32,16,16,28,28,256,256,3,3,7.132000
32,32,32,8,224,224,64,64,3,3,20.312000
32,32,32,8,224,224,128,128,3,3,82.813000
32,32,32,8,224,224,256,256,3,3,1667.412000
32,32,32,8,224,112,64,64,3,3,10.336000
32,32,32,8,224,112,128,128,3,3,42.988000
32,32,32,8,224,112,256,256,3,3,655.941000
32,32,32,8,224,56,64,64,3,3,5.192000
32,32,32,8,224,56,128,128,3,3,21.008000
32,32,32,8,224,56,256,256,3,3,156.984000
32,32,32,8,224,28,64,64,3,3,2.876000
32,32,32,8,224,28,128,128,3,3,10.945000
32,32,32,8,224,28,256,256,3,3,40.640000
32,32,32,8,112,224,64,64,3,3,10.317000
32,32,32,8,112,224,128,128,3,3,42.715000
32,32,32,8,112,224,256,256,3,3,654.687000
32,32,32,8,112,112,64,64,3,3,5.191000
32,32,32,8,112,112,128,128,3,3,21.027000
32,32,32,8,112,112,256,256,3,3,142.482000
32,32,32,8,112,56,64,64,3,3,2.815000
32,32,32,8,112,56,128,128,3,3,10.551000
32,32,32,8,112,56,256,256,3,3,42.980000
32,32,32,8,112,28,64,64,3,3,1.716000
32,32,32,8,112,28,128,128,3,3,5.927000
32,32,32,8,112,28,256,256,3,3,22.294000
32,32,32,8,56,224,64,64,3,3,5.420000
32,32,32,8,56,224,128,128,3,3,21.112000
32,32,32,8,56,224,256,256,3,3,83.247000
32,32,32,8,56,112,64,64,3,3,2.947000
32,32,32,8,56,112,128,128,3,3,10.876000
32,32,32,8,56,112,256,256,3,3,40.972000
32,32,32,8,56,56,64,64,3,3,1.676000
32,32,32,8,56,56,128,128,3,3,5.993000
32,32,32,8,56,56,256,256,3,3,22.029000
32,32,32,8,56,28,64,64,3,3,1.061000
32,32,32,8,56,28,128,128,3,3,3.378000
32,32,32,8,56,28,256,256,3,3,11.892000
32,32,32,8,28,224,64,64,3,3,2.844000
32,32,32,8,28,224,128,128,3,3,10.853000
32,32,32,8,28,224,256,256,3,3,40.899000
32,32,32,8,28,112,64,64,3,3,1.800000
32,32,32,8,28,112,128,128,3,3,5.697000
32,32,32,8,28,112,256,256,3,3,21.877000
32,32,32,8,28,56,64,64,3,3,0.804000
32,32,32,8,28,56,128,128,3,3,3.592000
32,32,32,8,28,56,256,256,3,3,11.591000
32,32,32,8,28,28,64,64,3,3,0.551000
32,32,32,8,28,28,128,128,3,3,2.084000
32,32,32,8,28,28,256,256,3,3,7.144000
32,32,32,16,224,224,64,64,3,3,20.358000
32,32,32,16,224,224,128,128,3,3,81.999000
32,32,32,16,224,224,256,256,3,3,1668.688000
32,32,32,16,224,112,64,64,3,3,10.274000
32,32,32,16,224,112,128,128,3,3,42.695000
32,32,32,16,224,112,256,256,3,3,655.461000
32,32,32,16,224,56,64,64,3,3,5.181000
32,32,32,16,224,56,128,128,3,3,21.028000
32,32,32,16,224,56,256,256,3,3,156.212000
32,32,32,16,224,28,64,64,3,3,2.904000
32,32,32,16,224,28,128,128,3,3,10.987000
32,32,32,16,224,28,256,256,3,3,40.692000
32,32,32,16,112,224,64,64,3,3,10.337000
32,32,32,16,112,224,128,128,3,3,43.503000
32,32,32,16,112,224,256,256,3,3,653.448000
32,32,32,16,112,112,64,64,3,3,5.203000
32,32,32,16,112,112,128,128,3,3,21.020000
32,32,32,16,112,112,256,256,3,3,143.374000
32,32,32,16,112,56,64,64,3,3,2.842000
32,32,32,16,112,56,128,128,3,3,10.551000
32,32,32,16,112,56,256,256,3,3,42.534000
32,32,32,16,112,28,64,64,3,3,1.742000
32,32,32,16,112,28,128,128,3,3,5.865000
32,32,32,16,112,28,256,256,3,3,22.266000
32,32,32,16,56,224,64,64,3,3,5.420000
32,32,32,16,56,224,128,128,3,3,20.158000
32,32,32,16,56,224,256,256,3,3,82.019000
32,32,32,16,56,112,64,64,3,3,2.954000
32,32,32,16,56,112,128,128,3,3,10.971000
32,32,32,16,56,112,256,256,3,3,41.342000
32,32,32,16,56,56,64,64,3,3,1.648000
32,32,32,16,56,56,128,128,3,3,5.979000
32,32,32,16,56,56,256,256,3,3,20.708000
32,32,32,16,56,28,64,64,3,3,1.062000
32,32,32,16,56,28,128,128,3,3,3.297000
32,32,32,16,56,28,256,256,3,3,11.465000
32,32,32,16,28,224,64,64,3,3,2.892000
32,32,32,16,28,224,128,128,3,3,10.767000
32,32,32,16,28,224,256,256,3,3,39.190000
32,32,32,16,28,112,64,64,3,3,1.807000
32,32,32,16,28,112,128,128,3,3,5.730000
32,32,32,16,28,112,256,256,3,3,21.943000
32,32,32,16,28,56,64,64,3,3,0.805000
32,32,32,16,28,56,128,128,3,3,3.604000
32,32,32,16,28,56,256,256,3,3,11.611000
32,32,32,16,28,28,64,64,3,3,0.551000
32,32,32,16,28,28,128,128,3,3,2.084000
32,32,32,16,28,28,256,256,3,3,7.110000
